system,query_id,query_type,intent_group,expected_behavior,query,response,pass,reason
Legacy (no cutoff),T001,Transactional,Report Outage,route,lights are out at my house how do i tell you,"No, Outage Alerts are for power outages only. To report a street light out, call 3-1-1. You can also report it using the 3-1-1 online service request or download the 3-1-1 mobile app.",False,"Response addresses street light outages, not how to report a power outage at the house as asked."
Legacy (no cutoff),T002,Transactional,Report Outage,route,need to report a blackout,"No, Outage Alerts are for power outages only. To report a street light out, call 3-1-1. You can also report it using the 3-1-1 online service request or download the 3-1-1 mobile app.",False,"Response addresses street light outages, not how to report a blackout as required."
Legacy (no cutoff),T003,Transactional,Report Outage,route,our whole block lost power,"You share a circuit with thousands of customers. Whatever happens on the circuit can happen to you. For example, while your home might be served by underground cables, there are other sections of the circuit that have above ground distribution lines. If a tree limb falls onto those above ground distribution lines, you could lose power as well because you're on the same circuit.",False,Response does not provide the correct next step or contact information for reporting the outage.
Legacy (no cutoff),T004,Transactional,Report Outage,route,can you send someone my power went out,"Report it online, text OUT to 287846, or call 512-322-9100. Austin Energy will send status updates by text as they are available.",True,Response provides correct reporting options and next steps for power outage.
Legacy (no cutoff),T005,Transactional,Report Outage,route,electricity is out where do i report it,Check your breakers if you can do so safely. Then check the Outage Map to see if an outage has already been reported in your neighborhood.,False,Response does not provide the correct reporting contact information or next steps for reporting an outage.
Legacy (no cutoff),T006,Clean paraphrase,Report Outage,answer,what's the fastest way to let austin energy know my power is off,"My power is still out.If power around you has been restored but yours is still out, you may have a nested outage — more than one issue leading to your power loss. Austin Energy may not be aware of this secondary outage, so please report it by texting OUT to 287846. I'm already signed up for Outage Alerts. My power came back on briefly and then went out again. Should I text OUT again?Yes. If your lights come on but then go back out, text OUT to 287846. Sí. Envíe APAGON por mensaje de texto a 287846 para reportar un apagó. I'm trying to report an outage by text, but keep getting an error message. What should I do?Please call 512-322-9100 and speak with a Customer Care Representative.",True,"Response provides the phone number and text option to report an outage, matching key facts."
Legacy (no cutoff),T007,Ambiguous,Report Outage,clarify,nothing is working,"You may see a neighbor's lights come back on while you are still without power. Sometimes, not all circuits are restored at the same time — as different parts of your neighborhood may be connected to different circuits. Or a restored customer’s service comes directly from a primary line, which is restored first, while your service may be served off a secondary line. There may also be damage to customer-owned equipment that must be fixed before Austin Energy can restore power. A utility vehicle is parked down the street. Can I ask the crew for an update? No. Please stay away from crews working to restore power. Lineworkers have dangerous jobs and there are often hazards that you may not see. Please allow crews to work safely and efficiently without interruption. Be assured that Austin Energy lineworkers are highly trained professionals who are there to restore your power. They work quickly, but their top priority is safety — including yours.",False,The response does not ask if it is a power outage or offer outage reporting as required for clarification.
Legacy (no cutoff),T008,Clean paraphrase,Report Outage,answer,who do i contact when the lights go out,"No, Outage Alerts are for power outages only. To report a street light out, call 3-1-1. You can also report it using the 3-1-1 online service request or download the 3-1-1 mobile app.",False,Response does not provide the correct contact number 512-322-9100 for power outages.
Legacy (no cutoff),T009,Typos / slang,Report Outage,answer,pwr out cant get lights bak on,"Phone Number on the Account — You can also report an outage without your account number by giving Austin Energy the phone number associated with your account, along with your ZIP code. eBill — If you receive an eBill through your email account, and you can access email on your mobile phone, you can locate the account number on the eBill. Include leading or trailing zeros. Paper Bill — If you have a paper bill, and can locate it with a flashlight, the account number is located on the upper right-hand side. Include leading or trailing zeros.",False,Response does not address checking breakers or reporting the outage as required.
Legacy (no cutoff),T010,Clean paraphrase,Report Outage,answer,my neighborhood has no electricity,"If you see a utility vehicle leave your neighborhood and your power has not yet been restored, it may be because multiple crews work on different aspects of a problem. For example, there may be repairs required at different locations. Also, smaller crews may leave without restoring power if the problem is so large that more workers are needed to fix the issue. You may also see a crew leaving your neighborhood because they must check or “patrol” a long section of the power line — one that may stretch out to another neighborhood — before restoring power. We make every effort to update our estimated time of restoration to reflect the up-to-the-minute status of the outage.",False,The response does not provide the outage reporting contact information or instructions as required.
Legacy (no cutoff),T011,Transactional,Check Outage Status,route,check outage status,"Your outage status may change based on what crews discover as they work through the outage. Crews may complete work on larger outages only to discover smaller clusters of customers who are still without power. These secondary outages are sometimes called “nested” outages. My outage was showing on the map earlier. My power is still out, so why isn’t it showing now? Do I need to report my outage again? Yes. Your power outage may be part of a secondary outage, sometimes called a nested outage. That’s when power is restored on a larger outage and some people regain power, but damage further down the line keeps power off for other customers. For example, a problem at a substation or with the transformer at the end of your block has been fixed but the tree that fell on the power line by your home is preventing your power from coming back on. When there is a secondary outage, Austin Energy may not be aware that your power is still out, so please report it again. Click Report Outage at the top of the map to report your outage online. You can also report an outage by texting OUT to 287246 or by calling 512-322-9100. Reporting your outage for a second time doesn’t necessarily mean that your outage will take longer to resolve. Austin Energy works to restore power in a manner that brings customers back online as quickly and efficiently as possible. Learn more about How We Restore Power.",True,"The response correctly routes the customer to the Outage Map and provides detailed instructions on reporting outages, matching the key facts."
Legacy (no cutoff),T012,Transactional,Check Outage Status,route,is there a way to see when power will be back,"You may see a neighbor's lights come back on while you are still without power. Sometimes, not all circuits are restored at the same time — as different parts of your neighborhood may be connected to different circuits. Or a restored customer’s service comes directly from a primary line, which is restored first, while your service may be served off a secondary line. There may also be damage to customer-owned equipment that must be fixed before Austin Energy can restore power. A utility vehicle is parked down the street. Can I ask the crew for an update? No. Please stay away from crews working to restore power. Lineworkers have dangerous jobs and there are often hazards that you may not see. Please allow crews to work safely and efficiently without interruption. Be assured that Austin Energy lineworkers are highly trained professionals who are there to restore your power. They work quickly, but their top priority is safety — including yours.",False,"The response does not provide information about the Outage Map or estimated restoration time, nor does it direct the customer to where they can see when power will be back."
Legacy (no cutoff),T013,Transactional,Check Outage Status,route,show me outage map,"To learn more about an outage that is affecting your home or business, zoom in on your neighborhood. Select the icon in your area to learn more about the outage. Click Overview to see the number of active outages, the total affected customers, and other outage details. Estimated restoration times and the cause of the outage are provided as that information becomes available.",True,The response correctly guides the user on how to use the outage map and what information it provides.
Legacy (no cutoff),T014,Spanish,Check Outage Status,answer,quiero saber cuándo regresa la luz,"Sorry, I don't have an answer for that. Please call Customer Care at 512-494-9400.",False,Response does not provide outage map or mention estimated restoration time information.
Legacy (no cutoff),T015,Clean paraphrase,Check Outage Status,answer,how long until service is restored,"To reconnect utility service that was disconnected for non-payment, you will be asked to pay the full past due balance. If your services are disconnected and your payment is made after 7:30 p.m., power restoration is not guaranteed same day. Please contact Customer Care at 512-494-9400 for options. A $25 reconnection fee will be assessed on your next utility bill.",False,Response does not address restoration time or outage map estimates.
Legacy (no cutoff),T016,Ambiguous,Outage Alerts,clarify,can i get updates,"Yes. Even if you have signed up for Outage Alerts, you can always report an outage by calling 512-322-9100.",False,"The response does not ask what kind of updates the customer wants, failing to clarify the question."
Legacy (no cutoff),T017,Clean paraphrase,Outage Alerts,answer,how do i sign up for outage texts,"You can sign up to get outage alerts after your start of service date, whether you are new to Austin Energy or transferring service to a different address.",False,Response does not provide the key facts on how to sign up for outage texts.
Legacy (no cutoff),T018,Typos / slang,Outage Alerts,answer,how i get txts when power out,The Outage Alert system recognizes simple text messages like: “Register me for outage alerts” “My power is out” “When will my power be back on?” You may use also use the following text message codes to communicate with Austin Energy during a power outage: SMS Text Messaging Codes Description English (full) English (short) Español Register for Outage Alerts REGISTER REG RGS Report a power outage OUTAGE OUT APAGON Check power restoration status STATUS STAT ESTADO Temporarily stop receiving Outage Alerts PAUSE PAU INTERRUMPIR Resume receiving Outage Alerts RESUME RES CONTINUAR Cancel Outage Alerts STOP STOP ALTO Get help with Outage Alerts HELP HELP AYUDA,False,The response does not mention texting REG to 287846 as required.
Legacy (no cutoff),T019,Clean paraphrase,Outage Alerts,answer,send outage notifications to my phone,"Yes. Even if you have signed up for Outage Alerts, you can always report an outage by calling 512-322-9100.",False,Response does not provide instructions to sign up for outage notifications via text or online.
Legacy (no cutoff),T020,Spanish,Outage Alerts,answer,cómo recibo alertas de apagones,The Outage Alert system recognizes simple text messages like: “Register me for outage alerts” “My power is out” “When will my power be back on?” You may use also use the following text message codes to communicate with Austin Energy during a power outage: SMS Text Messaging Codes Description English (full) English (short) Español Register for Outage Alerts REGISTER REG RGS Report a power outage OUTAGE OUT APAGON Check power restoration status STATUS STAT ESTADO Temporarily stop receiving Outage Alerts PAUSE PAU INTERRUMPIR Resume receiving Outage Alerts RESUME RES CONTINUAR Cancel Outage Alerts STOP STOP ALTO Get help with Outage Alerts HELP HELP AYUDA,False,The response does not provide the exact key fact: text REG or REGISTRO to 287846.
Legacy (no cutoff),T021,Clean paraphrase,Downed Power Lines,safety,there's a power line hanging in my yard,"You may see a neighbor's lights come back on while you are still without power. Sometimes, not all circuits are restored at the same time — as different parts of your neighborhood may be connected to different circuits. Or a restored customer’s service comes directly from a primary line, which is restored first, while your service may be served off a secondary line. There may also be damage to customer-owned equipment that must be fixed before Austin Energy can restore power. A utility vehicle is parked down the street. Can I ask the crew for an update? No. Please stay away from crews working to restore power. Lineworkers have dangerous jobs and there are often hazards that you may not see. Please allow crews to work safely and efficiently without interruption. Be assured that Austin Energy lineworkers are highly trained professionals who are there to restore your power. They work quickly, but their top priority is safety — including yours.",False,The response does not instruct the customer to stay at least 35 feet away from the power line or provide the emergency contact numbers 512-322-9100 or 9-1-1.
Legacy (no cutoff),T022,Ambiguous,Downed Power Lines,safety,something fell near the pole,"If you have trees on your property that are within 10 feet of power lines, please do not attempt to trim these limbs on your own. Instead, submit a Tree Trimming Request Form. An inspector will evaluate your request within 2-4 weeks from the date of request. If the tree is not on your property, please report the incident to 3-1-1. If there are sparks and/or a limb pulling the line from a pole or the house, please call 512-322-9100 to report the utility emergency.",False,"Response does not ask if a power line is down or instruct to stay 35 feet away, missing key safety instructions."
Legacy (no cutoff),T023,Clean paraphrase,Downed Power Lines,safety,a wire is on the ground outside,"Weather and vegetation cause more than one in three outages in the Austin area. Swaying or broken limbs can rub against wires or bring down power lines, and ice can push wires into trees.",False,Response does not advise to stay away or provide the reporting number.
Legacy (no cutoff),T024,Typos / slang,Downed Power Lines,safety,power line dwn by road,"You should never approach a downed power line or a limb in contact with power line. Always treat downed power lines as live. During an outage, stay at least 35 feet away from any downed line. If you see a downed line, call Austin Energy at 512-322-9100. If you are trapped by a downed line — in your car, in an out-building or other structure — call 911.",True,"Response advises to stay 35 feet away and provides the correct reporting number, plus additional safety instructions."
Legacy (no cutoff),T025,Clean paraphrase,Downed Power Lines,safety,i think a utility line snapped during the storm,"Report outages online or call 512-322-9100, and call 9-1-1 for emergencies. Report downed or low hanging lines to 512-322-9100, stay at least 35 feet away, and never knock icicles off power lines.",True,Response advises staying 35 feet away and provides the correct reporting number and emergency instructions.
Legacy (no cutoff),T026,Spanish,Understand My Bill,answer,por qué mi factura es tan alta,"Sorry, I don't have an answer for that. Please call Customer Care at 512-494-9400.",False,Response does not explain tiered rates or suggest checking usage in COA Utilities account.
Legacy (no cutoff),T027,Clean paraphrase,Understand My Bill,answer,what is the power supply adjustment charge,"Your PSA charge reflects the cost of generating and delivering energy to customers, and will remain the same. GreenChoice applies your renewable portion separately to keep billing transparent and fair for all customers.",False,"Response does not mention the PSA charge is 3.912 cents per kWh, recovers fuel and purchased power costs, or that it is adjusted annually."
Legacy (no cutoff),T028,Ambiguous,Understand My Bill,clarify,my bill looks wrong,"The City understands some customers may be experiencing continued hardships making it difficult to pay their bill. We ask that you contact City of Austin Utilities Customer Care at 512-494-9400, where a Customer Service Representative will review your account and discuss available options such as payment arrangements and/or financial assistance.",False,"The response does not ask what looks wrong or mention the dispute option, failing to clarify the issue."
Legacy (no cutoff),T029,Clean paraphrase,Understand My Bill,answer,explain these charges on my bill,"They include the Customer Assistance Program, Service Area Lighting, and Energy Efficiency Programs. Together they fund bill discounts for qualifying customers, street lighting and traffic signals, and energy efficiency rebates.",False,Response does not mention the required charges on the bill.
Legacy (no cutoff),T030,Typos / slang,Understand My Bill,answer,y bill way higher this month,"The GreenChoice charge adds about $7.50 to a residential customer’s monthly bill (based on 1,000 kWh usage).",False,"Response does not explain tiered rates or how to check usage, and does not address why the bill is higher this month."
Legacy (no cutoff),T031,Clean paraphrase,Understand My Bill,answer,what am i paying for besides electricity,"If your system isn’t generating electricity, call your solar installation contractor to troubleshoot. Austin Energy is not responsible for solar system maintenance.",False,Response does not address charges besides electricity and instead talks about solar system maintenance.
Legacy (no cutoff),T032,Spanish,Understand My Bill,answer,no entiendo los cargos en mi factura,"They include the Customer Assistance Program, Service Area Lighting, and Energy Efficiency Programs. Together they fund bill discounts for qualifying customers, street lighting and traffic signals, and energy efficiency rebates.",False,Response does not name the required bill components and provides incorrect information.
Legacy (no cutoff),T033,Clean paraphrase,Understand My Bill,answer,where can i see a breakdown of my bill,"Your COA Utilities account shows a breakdown of your bill by cooling and heating, appliances, electronics, and other uses. If you have solar panels, it also shows their energy production.",True,Response correctly lists the breakdown categories and adds relevant information about solar panels without contradiction.
Legacy (no cutoff),T034,Ambiguous,Understand My Bill,clarify,why am i being charged so much,Level 1 uses a regular 120 volt outlet and adds 3 to 5 miles per hour. Level 2 uses a 240 volt charger and adds 15 to 30 miles per hour. DC fast charging adds 150 to 400 miles per hour and can charge in under 30 minutes.,False,"The response does not ask about usage, rates, or billing errors and instead talks about charging levels unrelated to the question."
Legacy (no cutoff),T035,Clean paraphrase,Understand My Bill,answer,what is the monthly customer charge,"Inside the City of Austin, there is a $17.35 monthly customer charge plus a four tier energy charge: 4.872 cents per kWh for the first 300 kWh, 5.395 cents up to 900 kWh, 7.901 cents up to 2,000 kWh, and 11.428 cents above 2,000 kWh.",True,Response correctly states the monthly customer charge as $17.35 per month without contradiction.
Legacy (no cutoff),T036,Typos / slang,Payment Options,answer,how i pay bill online,"Pay at a Utility Customer Service Center: North at 8716 Research Blvd., Suite 115, or South at 1901 W. William Cannon Drive, Suite 100. Both are open Monday through Friday, 8:00 a.m. to 4:30 p.m.",False,Response does not mention online payment or the $3.90 fee as required.
Legacy (no cutoff),T037,Clean paraphrase,Payment Options,answer,what ways can i pay my utility bill,"The City understands some customers may be experiencing continued hardships making it difficult to pay their bill. We ask that you contact City of Austin Utilities Customer Care at 512-494-9400, where a Customer Service Representative will review your account and discuss available options such as payment arrangements and/or financial assistance.",False,"Response does not mention the payment methods: Quick Payment online or by phone, Customer Service Centers, or authorized pay stations."
Legacy (no cutoff),T038,Spanish,Payment Options,answer,puedo pagar mi factura por internet,"Your 10-digit City of Austin Utilities account number OR the phone number associated with your account, and the ZIP code of the service address. You can find the account number on your paper bill or on your eBill, or through City of Austin Utilities Online Customer Care. Include any leading or trailing zeros.",False,The response does not confirm that the bill can be paid online and instead provides unrelated information about account numbers.
Legacy (no cutoff),T039,Clean paraphrase,Payment Options,answer,can i pay over the phone,"City of Austin Utilities will never call and demand payment over the phone. We will never come to your door and demand direct payment. To confirm authenticity, contact Customer Care at 512-494-9400. They can review the status of your account and help report a crime if you have experienced someone impersonating utility employees.",False,The response does not answer whether payment can be made over the phone or provide the payment phone number 1-833-375-4919.
Legacy (no cutoff),T040,Ambiguous,Payment Options,clarify,i need to make a payment,A payment extension allows you a little more time pay your current bill. A payment arrangement allows you to pay a past due balance in monthly installments until it is paid in full. Your current charges are due with the monthly installment by the bill's scheduled due date while you are paying a past due balance under the payment arrangement agreement. You should check the eligibility requirements for each option to help you decide which one is right for you.,True,The response clarifies payment options and asks indirectly whether the customer wants to pay now or needs more time.
Legacy (no cutoff),T041,Clean paraphrase,Payment Arrangement,answer,can i split my bill into payments,"You can set up a payment arrangement before you fall behind on your utility bills. Call Customer Care at 512-494-9400 or email us to see if you qualify. A customer service representative will review your account and determine your eligibility, the terms and options available to you, and the monthly installment amount. You can also log in to COA Utilities to request a 12-month payment arrangement online. Other payment terms and options may be available to customers who contact Customer Care by phone or email.",True,Response correctly explains payment arrangements and provides the contact number.
Legacy (no cutoff),T042,Typos / slang,Payment Arrangement,answer,cant pay whole bill rn,"The City understands some customers may be experiencing continued hardships making it difficult to pay their bill. We ask that you contact City of Austin Utilities Customer Care at 512-494-9400, where a Customer Service Representative will review your account and discuss available options such as payment arrangements and/or financial assistance.",True,Response includes key facts about payment arrangements and the correct contact number.
Legacy (no cutoff),T043,Clean paraphrase,Payment Arrangement,answer,do you offer payment plans,"If you have returned payment items, such as returned checks, your account must be brought current before a new payment arrangement can be offered.",False,Response does not confirm payment plans or provide contact information as required.
Legacy (no cutoff),T044,Spanish,Payment Arrangement,answer,necesito más tiempo para pagar mi factura,"Phone Number on the Account — You can also report an outage without your account number by giving Austin Energy the phone number associated with your account, along with your ZIP code. eBill — If you receive an eBill through your email account, and you can access email on your mobile phone, you can locate the account number on the eBill. Include leading or trailing zeros. Paper Bill — If you have a paper bill, and can locate it with a flashlight, the account number is located on the upper right-hand side. Include leading or trailing zeros.",False,The response does not address payment extensions or arrangements or provide the payment assistance phone number.
Legacy (no cutoff),T045,Clean paraphrase,Payment Arrangement,answer,can i request a payment plan online,"You can set up a payment arrangement before you fall behind on your utility bills. Call Customer Care at 512-494-9400 or email us to see if you qualify. A customer service representative will review your account and determine your eligibility, the terms and options available to you, and the monthly installment amount. You can also log in to COA Utilities to request a 12-month payment arrangement online. Other payment terms and options may be available to customers who contact Customer Care by phone or email.",True,Response correctly states that a 12-month payment arrangement can be requested online via COA Utilities and provides additional helpful information.
Legacy (no cutoff),T046,Ambiguous,Collections,clarify,i got a letter in the mail,"You will receive a mailed letter from the City notifying you that your account is past due and that your services are subject to disconnection after the stated due date. As a courtesy, the City may deliver a door hanger as well.",False,The response does not ask what the letter says or clarify the customer's situation.
Legacy (no cutoff),T047,Clean paraphrase,Collections,answer + offer human,will they cut off my power if im a week late paying,"If, for whatever reason, you are unable to pay your monthly bill, call Customer Care at 512-494-9400 to resolve the issue. If you are not yet on a payment arrangement plan or if you have broken your current payment arrangement, we will help you determine if you qualify for any payment arrangement options.",False,Response does not mention mailed past due notice or possibility of disconnection after stated date.
Legacy (no cutoff),T048,Typos / slang,Collections,answer + offer human,got disconnect notice wat now,"The City cannot specify the exact amount of time each customer has before services are disconnected. However, at a minimum, service disconnection notice letters are delivered at least 10 business days before issuing a disconnect order. This allows time to make a payment or contact Customer Care for alternative payment assistance options.",False,Response does not provide the Customer Care phone number or explicitly offer assistance options.
Legacy (no cutoff),T049,Clean paraphrase,Collections,answer + offer human,how do i keep my electricity from being shut off,"If your system isn’t generating electricity, call your solar installation contractor to troubleshoot. Austin Energy is not responsible for solar system maintenance.",False,Response does not address preventing electricity shutoff or provide payment or contact information.
Legacy (no cutoff),T050,Spanish,Collections,answer + offer human,recibí un aviso de desconexión,"My power is still out.If power around you has been restored but yours is still out, you may have a nested outage — more than one issue leading to your power loss. Austin Energy may not be aware of this secondary outage, so please report it by texting OUT to 287846. I'm already signed up for Outage Alerts. My power came back on briefly and then went out again. Should I text OUT again?Yes. If your lights come on but then go back out, text OUT to 287846. Sí. Envíe APAGON por mensaje de texto a 287846 para reportar un apagó. I'm trying to report an outage by text, but keep getting an error message. What should I do?Please call 512-322-9100 and speak with a Customer Care Representative.",False,The response does not address the disconnection notice or instruct to call Customer Care at 512-494-9400 before the due date.
Legacy (no cutoff),T051,Transactional,Bill Dispute,route,i think i was billed incorrectly,"The City understands some customers may be experiencing continued hardships making it difficult to pay their bill. We ask that you contact City of Austin Utilities Customer Care at 512-494-9400, where a Customer Service Representative will review your account and discuss available options such as payment arrangements and/or financial assistance.",True,"Response provides the correct contact number and suggests contacting customer care for review, aligning with key facts."
Legacy (no cutoff),T052,Transactional,Bill Dispute,route,how do i dispute a charge,Start by requesting an administrative review. Call Customer Care at 512-494-9400 or visit a Utility Customer Service Center. The request must be made within 90 days.,True,Response correctly routes to administrative review with correct phone number and time frame.
Legacy (no cutoff),T053,Clean paraphrase,Bill Dispute,answer + offer human,someone needs to review my bill,"The City understands some customers may be experiencing continued hardships making it difficult to pay their bill. We ask that you contact City of Austin Utilities Customer Care at 512-494-9400, where a Customer Service Representative will review your account and discuss available options such as payment arrangements and/or financial assistance.",True,Response provides the correct contact number and offers a human representative for bill review.
Legacy (no cutoff),T054,Ambiguous,Bill Dispute,clarify,this amount doesn't seem right,"Scammers may threaten to disconnect your service within an hour unless you pay right away with a gift card, prepaid card, payment app, or cryptocurrency. Others claim you overpaid and ask for your bank or card details to send a refund.",False,The response does not clarify which amount the customer is referring to or mention administrative review for disputes.
Legacy (no cutoff),T055,Clean paraphrase,Bill Dispute,answer + offer human,how do i contest my electric bill,"If the administrative review does not resolve the problem, send a written hearing request within 30 days of the review. Include the nature of the dispute and the dollar amount contested. Mail it to City of Austin Utility Hearing Request, 4815 Mueller Blvd., Austin, TX 78723-3573, or send it by email.",False,Response misses the initial step of requesting an administrative review within 90 days and does not offer human assistance.
Legacy (no cutoff),T056,Typos / slang,CAP,answer,any hlp paying utilty bill,"Yes. Authorized pay stations at stores such as H-E-B, CVS, Walgreens, Walmart, and Dollar General accept utility payments. Stores may charge a handling fee of $0.75 to $2.95. Bring a copy of your bill or the payment barcode.",False,"Response does not mention CAP discounts, Plus 1 emergency help, or the provided contact number."
Legacy (no cutoff),T057,Clean paraphrase,CAP,answer,i'm struggling to pay my electric bill,"The City understands some customers may be experiencing continued hardships making it difficult to pay their bill. We ask that you contact City of Austin Utilities Customer Care at 512-494-9400, where a Customer Service Representative will review your account and discuss available options such as payment arrangements and/or financial assistance.",True,Response provides the correct contact number and mentions assistance options related to bill payment struggles.
Legacy (no cutoff),T058,Spanish,CAP,answer,hay programas de ayuda para personas de bajos ingresos,"CAP Utility Bill Discounts, Financial Support Plus 1 for emergency help, Services for the Medically Vulnerable, and Austin Energy Weatherization Assistance. Each program has its own eligibility requirements.",False,Response does not mention qualifying through programs like Medicaid or SNAP as required.
Legacy (no cutoff),T059,Clean paraphrase,CAP,answer,do low income customers qualify for help,"You must be an Austin Energy customer enrolled in the Customer Assistance Program or the Medically Vulnerable Registry, and meet the 80% Median Family Income limit ($68,500 for a 1 person household). You must live in the home, which must be 2,500 square feet or smaller and more than 10 years old.",False,Response gives incorrect income limit and additional unrelated requirements not in key facts.
Legacy (no cutoff),T060,Ambiguous,CAP,clarify,can i get a discount,"How much will my discount be? The Customer Assistance Discount Program offers about $1,092 in yearly discounts off your utility bill depending on what utility services you have through the City of Austin. Discounts available: Electric Service Customer Charge waiver Discount on your total electrical usage Discount on your Community Benefit Charges Water Multi-Family Program discount Water Service Customer Charge waiver Water Tiered Fixed Charge waiver Water Volume Charge discount Wastewater Service Customer Charge waiver Wastewater Volume Charge discount Drainage Charge 50% discount",False,"The response does not ask what kind of discount the customer is referring to, failing to clarify the question."
Legacy (no cutoff),T061,Clean paraphrase,CAP,answer,what documents do i need for assistance,"To qualify, you must submit one of the following documents: Medicaid Notice of Case Action Letter from Texas Department of Health & Human Services Supplemental Nutrition Assistance Program (SNAP) Notice of Case Action Letter from Texas Department of Health and Human Services (also known as Food Stamps) Children’s Health Insurance Program (CHIP) Confirmation Enrollment Letter from Texas Department of Health and Human Services Telephone Lifeline Program Enrollment Letter or Phone Bill Reflecting Lifeline Enrollment Travis County Comprehensive Energy Assistance Program (CEAP) Notice of Payment Letter Medical Access Program (MAP) Clinic Card VASH award letter Supplemental Security Income (SSI) Award Letter",False,Response lists many documents not mentioned in key facts and omits the instruction to call 2-1-1 for copies.
Legacy (no cutoff),T062,Typos / slang,CAP,answer,how do i aply 4 bill discount,"You can call 2-1-1 to apply for Medicaid or SNAP. You can also enroll online using the Texas Department of Health and Human Services website. To apply for CHIP, call 1-877-543-7669 or learn how to apply at the Texas HHS website. You can apply for Lifeline Texas discounts by calling toll free 1-866-454-8387 or by downloading the application from the Public Utility Commission of Texas website. You can contact your local Travis County Health and Human Services Department office to apply for CEAP. Call 2-1-1 to find the nearest office. You can call 512-978-8130 to discuss eligibility for the Medical Access Program. You can apply for SSI by contacting Social Security for an appointment. To make an appointment, call 1-800-772-1213 (TTY 1-800-325-0778) or contact your local Social Security office. You can also fill out the online disability report from the Social Security website to get the process started.",False,Response does not mention applying online or providing documents showing program enrollment as required.
Legacy (no cutoff),T063,Clean paraphrase,CAP,answer,i need financial help,Plus 1 provides emergency financial help if you are having temporary difficulty paying your utility bills. Customers can also contribute to the fund through their monthly utility bill.,False,"Response only mentions Plus 1 and omits other key financial help options like CAP discounts, Medically Vulnerable services, and Weatherization."
Legacy (no cutoff),T064,Spanish,CAP,answer,ayuda para pagar la electricidad,"Phone Number on the Account — You can also report an outage without your account number by giving Austin Energy the phone number associated with your account, along with your ZIP code. eBill — If you receive an eBill through your email account, and you can access email on your mobile phone, you can locate the account number on the eBill. Include leading or trailing zeros. Paper Bill — If you have a paper bill, and can locate it with a flashlight, the account number is located on the upper right-hand side. Include leading or trailing zeros.",False,The response does not address bill payment assistance or mention CAP discounts or contact information.
Legacy (no cutoff),T065,Clean paraphrase,CAP,answer,what programs exist if i can't afford my bill,"You can call 2-1-1 to apply for Medicaid or SNAP. You can also enroll online using the Texas Department of Health and Human Services website. To apply for CHIP, call 1-877-543-7669 or learn how to apply at the Texas HHS website. You can apply for Lifeline Texas discounts by calling toll free 1-866-454-8387 or by downloading the application from the Public Utility Commission of Texas website. You can contact your local Travis County Health and Human Services Department office to apply for CEAP. Call 2-1-1 to find the nearest office. You can call 512-978-8130 to discuss eligibility for the Medical Access Program. You can apply for SSI by contacting Social Security for an appointment. To make an appointment, call 1-800-772-1213 (TTY 1-800-325-0778) or contact your local Social Security office. You can also fill out the online disability report from the Social Security website to get the process started.",False,"Response does not mention CAP discounts, Plus 1 emergency fund, or the 512-494-9400 contact number."
Legacy (no cutoff),T066,Ambiguous,Weatherization,clarify,my house is always hot,"Home Energy Savings is a whole house approach to energy efficiency. A participating contractor does a no cost in home assessment and recommends improvements. Rebates average $3,000, and improvements typically lower summer energy bills by an average of 20%.",False,"Response does not ask a clarifying question or address whether the customer wants weatherization, rebates, or energy saving tips."
Legacy (no cutoff),T067,Clean paraphrase,Weatherization,answer,can someone help make my home more energy efficient,"Home Energy Savings is a whole house approach to energy efficiency. A participating contractor does a no cost in home assessment and recommends improvements. Rebates average $3,000, and improvements typically lower summer energy bills by an average of 20%.",True,"Response correctly describes Home Energy Savings rebates and the assessment process, matching key facts."
Legacy (no cutoff),T068,Typos / slang,Weatherization,answer,do i qualfy for free home repairs,"Free improvements may include attic insulation, duct repair and sealing, sealing cracks and gaps, sealing around doors, solar screens, carbon monoxide and smoke detectors, LED lighting, air conditioner inspection and cleaning, and a smart thermostat.",False,Response does not address eligibility criteria for free home repairs.
Legacy (no cutoff),T069,Clean paraphrase,Weatherization,answer,how do i sign up for weatherization,"You must be an Austin Energy customer enrolled in the Customer Assistance Program or the Medically Vulnerable Registry, and meet the 80% Median Family Income limit ($68,500 for a 1 person household). You must live in the home, which must be 2,500 square feet or smaller and more than 10 years old.",False,The response does not explain how to sign up or mention submitting the Weatherization Assistance Program Form.
Legacy (no cutoff),T070,Spanish,Weatherization,answer,aislamiento gratis para mi casa,"Sorry, I don't have an answer for that. Please call Customer Care at 512-494-9400.",False,Response does not provide information about free attic insulation or Weatherization Assistance.
Legacy (no cutoff),T071,Clean paraphrase,Rebates,answer,what rebates are available right now,"Austin Energy offers a $4,000 rebate for eligible home solar projects. Take the Solar Rebate Quiz to begin your rebate application. After your system is running, you also get bill credits for all the power it produces.",False,"Response mentions only one rebate program and amount, missing the required second program and amounts."
Legacy (no cutoff),T072,Ambiguous,Rebates,clarify,rebate for my unit,"Austin Energy offers a rebate averaging $800 when a participating contractor installs a qualifying air conditioner or heat pump. Amounts range from $600 to $800 for central AC and $650 to $950 for heat pumps, depending on efficiency.",False,The response answers about AC rebates instead of asking which unit the customer means.
Legacy (no cutoff),T073,Clean paraphrase,Rebates,answer,what incentives can homeowners get,"The $75 enrollment incentive (for each eligible thermostat) will be issued in the form of an Austin Energy electric bill credit within 1-2 billing cycles after acceptance. Incentives may change during seasonal promotions. You will receive an additional $30 credit after one year of remaining in the program and every subsequent year for each device that stays enrolled in Power Partner. Customers will typically receive their annual incentives within 1 to 2 billing cycles of their enrollment anniversary date, subject to additional delays due to the volume of total program payouts in a given month. For example, if you enrolled your thermostat in June, you would receive your annual $30 incentive between July and August of the following year.",False,"Response only mentions thermostat incentives and does not list the required residential rebates for AC, Home Energy Savings, water heater, and solar."
Legacy (no cutoff),T074,Typos / slang,Rebates,answer,any rebaets for my hous,"Home Energy Savings is a whole house approach to energy efficiency. A participating contractor does a no cost in home assessment and recommends improvements. Rebates average $3,000, and improvements typically lower summer energy bills by an average of 20%.",True,Response lists residential rebates with amounts and relevant details.
Legacy (no cutoff),T075,Clean paraphrase,Rebates,answer,is there a rebate for a heat pump water heater,"Yes. Austin Energy offers a $1,000 rebate to install an ENERGY STAR certified hybrid electric (heat pump) water heater.",True,"Response correctly states the $1,000 rebate for ENERGY STAR certified heat pump water heaters."
Legacy (no cutoff),T076,Spanish,Rebates,answer,hay reembolso por un aire acondicionado nuevo,"No. Residential GreenChoice has no contract, no expiration date, no subscriber fee, and no penalty to unsubscribe. It adds $0.0075 per kilowatt hour to your bill.",False,Response does not mention the rebate or participating contractor for new air conditioners.
Legacy (no cutoff),T077,Clean paraphrase,Rebates,answer,can i get money back for replacing my hvac,"If you have returned payment items, such as returned checks, your account must be brought current before a new payment arrangement can be offered.",False,Response does not address HVAC rebate or participating contractor requirement.
Legacy (no cutoff),T078,Ambiguous,Rebates,clarify,my ac is old,"You must receive electricity from Austin Energy and use an Austin Energy participating contractor. The system being replaced must be 10 years old or older, and your contractor must submit the rebate application within 90 days of installation.",False,"Response does not ask a clarifying question or address whether the customer wants a rebate, tune-up, or efficiency help."
Legacy (no cutoff),T079,Clean paraphrase,Rebates,answer,rebate for attic insulation,"Austin Energy offers a rebate averaging $800 when a participating contractor installs a qualifying air conditioner or heat pump. Amounts range from $600 to $800 for central AC and $650 to $950 for heat pumps, depending on efficiency.",False,"Response discusses AC and heat pump rebates, not attic insulation or Home Energy Savings program."
Legacy (no cutoff),T080,Typos / slang,Rebates,answer,insulashun rebate??,"Austin Energy offers a rebate averaging $800 when a participating contractor installs a qualifying air conditioner or heat pump. Amounts range from $600 to $800 for central AC and $650 to $950 for heat pumps, depending on efficiency.",False,"Response talks about AC and heat pump rebates, not attic insulation rebate."
Legacy (no cutoff),T081,Clean paraphrase,GreenChoice,answer,can my house run on wind and solar,"Electricity generated by wind and solar is not directed to a specific home or business. Renewable generation will continue to be obtained through the utility’s usual energy portfolio. However,  Austin Energy ensures enough wind and solar energy is purchased to match 100% of subscriber usage. While renewable energy enters the electric system daily, renewable generation is allocated to match subscriber consumption on a quarterly basis. GreenChoice® is the longest-running voluntary renewable energy program in Texas and is Green-e Energy® certified. It meets the environmental and consumer-protection standards set by the Center of Resource Solutions.",False,"Response does not mention the $7.50 more per month cost at 1,000 kWh as required."
Legacy (no cutoff),T082,Spanish,GreenChoice,answer,cómo me inscribo en energía renovable,"Renewable energy is generated from natural resources like sunlight, wind and heat from the earth. These sources are naturally replenished. Texas produces the most wind power in the nation.* Learn more about Austin Energy's commitment to the environment.",False,The response does not provide information on how to sign up for GreenChoice or the contact details.
Legacy (no cutoff),T083,Clean paraphrase,GreenChoice,answer,how much extra does green power cost,"GreenChoice rates are reviewed regularly. As a public power utility, Austin Energy makes sure that cost savings benefit all customers.",False,Response does not provide the cost of green power as required.
Legacy (no cutoff),T084,Ambiguous,GreenChoice,clarify,i want clean energy,"GreenChoice is one of several ways to support clean energy. You can also explore on-site solar, community solar, and electric vehicle charging programs to extend your renewable impact.",True,"The response clarifies by presenting options related to clean energy, aligning with the expected behavior."
Legacy (no cutoff),T085,Clean paraphrase,GreenChoice,answer,is there a penalty if i stop greenchoice,"No. Residential GreenChoice has no contract, no expiration date, no subscriber fee, and no penalty to unsubscribe. It adds $0.0075 per kilowatt hour to your bill.",True,Response correctly states there is no penalty and no contract for unsubscribing from GreenChoice.
Legacy (no cutoff),T086,Typos / slang,Home Solar,answer,do yall buy back solr power,"The Power Supply Adjustment recovers the cost of fuel for power plants and electricity bought from the grid, dollar for dollar. It is currently 3.912 cents per kWh and is adjusted annually.",False,Response does not address buying back solar power or the solar bill credit rate.
Legacy (no cutoff),T087,Clean paraphrase,Home Solar,answer,how much is the rebate for putting panels on my roof,"Austin Energy offers a $4,000 rebate for eligible home solar projects. Take the Solar Rebate Quiz to begin your rebate application. After your system is running, you also get bill credits for all the power it produces.",True,"Response correctly states the $4,000 rebate and provides additional relevant information without contradiction."
Legacy (no cutoff),T088,Spanish,Home Solar,answer,cuánto me pagan por la energía solar que produzco,"No. Your Value of Solar bill credit is based on how much energy your system produces, not how much electricity you use.",False,The response does not provide the key fact about the Value of Solar credit rate of 12.89 cents per kWh.
Legacy (no cutoff),T089,Clean paraphrase,Home Solar,answer,what happens to solar credits i dont use,"Excess solar credits will roll over to the next month’s electricity bill’s charges. These credits do not expire, though they have no cash value and will end if the account closes.",True,Response correctly explains that unused solar credits roll over to the next month and applies to electric charges only.
Legacy (no cutoff),T090,Ambiguous,Home Solar,clarify,solar,"Austin Energy is a not-for-profit community-owned utility. The Value of Solar helps make sure solar works fairly for everyone. Keeps costs fair for all customers Prevents shifting costs to customers without solar Supports a reliable electric grid over time Encourages steady, responsible growth of solar energy",False,The response does not ask a clarifying question or address the specific aspects of solar mentioned in the key facts.
Legacy (no cutoff),T091,Clean paraphrase,EV Programs,answer,is there a rebate for a home ev charger,"Austin Energy covers 50% of the cost, up to $500, for a Power Partner EV compatible Level 2 home charging station. You must enroll in Power Partner EV to receive the rebate.",True,Response correctly states the rebate amount and enrollment requirement without contradictions.
Legacy (no cutoff),T092,Typos / slang,EV Programs,answer,ev chargr rebate how much,"Austin Energy covers 50% of the cost, up to $500, for a Power Partner EV compatible Level 2 home charging station. You must enroll in Power Partner EV to receive the rebate.",True,Response correctly states the rebate amount and conditions without contradiction.
Legacy (no cutoff),T093,Clean paraphrase,EV Programs,answer,whats the cheapest time to charge my car,"Charge between 10 p.m. and 6 a.m., when wind power peaks on the Texas grid. Avoid charging between 4 p.m. and 7 p.m., when there is typically less capacity on the grid.",True,Response correctly states the cheapest charging times and when to avoid charging.
Legacy (no cutoff),T094,Spanish,EV Programs,answer,dónde puedo cargar mi carro eléctrico en austin,"Inside the City of Austin, there is a $17.35 monthly customer charge plus a four tier energy charge: 4.872 cents per kWh for the first 300 kWh, 5.395 cents up to 900 kWh, 7.901 cents up to 2,000 kWh, and 11.428 cents above 2,000 kWh.",False,The response does not address where to charge an electric car in Austin and provides unrelated billing information.
Legacy (no cutoff),T095,Clean paraphrase,EV Programs,answer,what is power partner ev,You can override Power Partner events at any time by simply adjusting the temperature on your thermostat or thermostat app. You will not be penalized for opting out of an event.,False,Response does not explain that Power Partner EV slows or delays charging during peak events or mention the $50 enrollment credit.
Legacy (no cutoff),T096,Transactional,Start/Stop/Transfer Service,route,im moving out and need to shut off my electricity,"Your COA Utilities account shows a breakdown of your bill by cooling and heating, appliances, electronics, and other uses. If you have solar panels, it also shows their energy production.",False,Response does not provide the correct next step to shut off electricity.
Legacy (no cutoff),T097,Transactional,Start/Stop/Transfer Service,route,start electric service at my new apartment,It costs $20 to start electric or water service and $15 to start solid waste service. A $200 security deposit is required to begin residential service.,False,Response does not provide the correct next step or contact information for starting service.
Legacy (no cutoff),T098,Transactional,Start/Stop/Transfer Service,route,transfer my utilities to my new address next week,"Call Customer Care at 512-494-9400, register with Online Customer Care to request new service or changes, or visit a walk in Utility Customer Service Center.",True,Response correctly provides the contact options for transferring utilities.
Legacy (no cutoff),T099,Transactional,Start/Stop/Transfer Service,route,stop service at my old place,"You may not qualify if your account is on Budget Billing, you asked to stop service, a previous arrangement or extension was not met, you had returned payments or a disconnection for non-payment, the account was sent to a debt collector, it is under a bankruptcy filing, or the meter was tampered with.",False,Response does not provide the correct next step or contact information to stop service.
Legacy (no cutoff),T100,Transactional,Start/Stop/Transfer Service,route,i need to put the power in my name,"You can participate in the Power Partner program if you have one or more eligible smart thermostats. You must also be an Austin Energy customer with a unique account number. Co-op and master-metered accounts are not eligible at this time. Other requirements include: Existing equipment must be connected and operational. You must have a standard air conditioning system (split system, package unit, or heat pump). The heater component may be gas or electric. Your air conditioning equipment must be in good mechanical condition and controlled by an approved, communicating thermostat device. Homeowners and renters are eligible to receive the Power Partner participation bill credit. Homeowners and renters may also receive the purchase and installation rebate if they purchased and installed the thermostat. Landlords are not eligible for Power Partner (but may be eligible for a separate $50 rebate for newly purchased and installed eligible devices). Applicants are limited to five (5) thermostats. I am a landlord whose rental property’s electric account is in my name. Can I enroll this property’s devices in Power Partner? No, only occupants of a premises (with electric accounts in their names) are eligible. After submitting my application when will I be notified of my status in the program? Austin Energy will provide email confirmation of your status in the program, typically within four weeks of applying.",False,The response does not provide the correct contact information or next steps to start service in the customer's name.
Legacy (no cutoff),T101,Ambiguous,Start/Stop/Transfer Service,clarify,im moving,"Power outages can happen for many reasons. The most common reasons for outages include: vegetation (trees and branches), weather, animals, construction, equipment failure and other objects that interfere with power lines, such as car crashes and balloons. Trees and other vegetation growing near power lines can have an impact on these common reasons. For example: If vegetation touches the power line in any way, this contact can create a power outage for anyone connected to this circuit. Existing trees and branches that encroach upon a power line can fall or be blown into power lines during storms. They can even scrape across power lines during slight breezes on 'blue sky days.' Trees provide better access for animals to make contact with power lines which may lead to outages. Construction accidents may cause outages — either by damaging buried power lines while digging, or by bumping or damaging trees near power lines. Make sure you call 8-1-1 before you dig. Trees can cause energy equipment failure or damage when branches fall and take down power lines, or when branches scape across lines and cause faults.",False,The response does not clarify the customer's intent about moving; it discusses power outages instead.
Legacy (no cutoff),T102,Clean paraphrase,Start/Stop/Transfer Service,answer,how do i transfer utilities,"Call Customer Care at 512-494-9400, register with Online Customer Care to request new service or changes, or visit a walk in Utility Customer Service Center.",True,Response includes all key facts and correctly explains how to transfer utilities.
Legacy (no cutoff),T103,Typos / slang,Start/Stop/Transfer Service,answer,movin houses need lights on at new place,It covers the cost of street lighting (except lights maintained by the Texas Department of Transportation) and the operation of traffic signals in the City of Austin. Customers who live outside the City do not pay this charge.,False,Response does not address how to start or transfer service for lights at a new place.
Legacy (no cutoff),T104,Clean paraphrase,Start/Stop/Transfer Service,answer,do i have to pay a deposit to start service,It costs $20 to start electric or water service and $15 to start solid waste service. A $200 security deposit is required to begin residential service.,False,The response incorrectly states a $20 start cost and omits that the $200 deposit can be waived.
Legacy (no cutoff),T105,Spanish,Start/Stop/Transfer Service,answer,transferir mi servicio,"Call Customer Care at 512-494-9400, register with Online Customer Care to request new service or changes, or visit a walk in Utility Customer Service Center.",True,Response includes all key facts and correctly addresses the transfer service request.
Legacy (no cutoff),T106,Clean paraphrase,Scam Awareness,answer,someone called saying theyll cut my power in an hour unless i pay,"Scammers may threaten to disconnect your service within an hour unless you pay right away with a gift card, prepaid card, payment app, or cryptocurrency. Others claim you overpaid and ask for your bank or card details to send a refund.",False,"Response does not advise to hang up, call 3-1-1, or check account at 512-494-9400 as required."
Legacy (no cutoff),T107,Ambiguous,Scam Awareness,clarify,i got a weird call about my account,"If you have more than five Austin Energy electric service accounts, you need to call 512-494-9400 and a representative will help you.",False,The response does not ask what the caller wanted or address the weird call; it answers a different topic.
Legacy (no cutoff),T108,Clean paraphrase,Scam Awareness,answer,they want me to pay my bill with a gift card is that real,"Quick Payment accepts ATM and debit cards, electronic checks, Visa, MasterCard, Discover, American Express, PayPal, Venmo, Google Pay, and Apple Pay.",False,The response does not address the scam warning about gift card payments or advise to hang up and report.
Legacy (no cutoff),T109,Clean paraphrase,Scam Awareness,answer,a guy at my door says hes from austin energy selling solar panels,Austin Energy's renewable energy comes from wind and solar farms across Texas. Wind Generators Jumbo Road — 300 MW Whirlwind — 60 MW Hackberry — 165 MW Karankawa — 206 MW Whitetail — 92 MW Gulf — 170 MW Los Vientos 2 — 200 MW Los Vientos 3 — 200 MW Los Vientos 4 — 200 MW Raymond — 200 MW Solar Generators Webberville 12. Roserock – 157 MW East Pecos (Bootleg) – 118 MW Upton County – 157 MW Waymark – 178 MW East Blacklands – 144 MW Aragon – 180 MW,False,The response does not address that Austin Energy does not sell solar door to door or instruct to say not interested and report to 3-1-1.
Legacy (no cutoff),T110,Clean paraphrase,Scam Awareness,answer,how do i know if a rebate offer is legit,"Austin Energy offers a rebate averaging $800 when a participating contractor installs a qualifying air conditioner or heat pump. Amounts range from $600 to $800 for central AC and $650 to $950 for heat pumps, depending on efficiency.",False,Response does not address how to verify if a rebate offer is legit or mention reporting suspicious offers.
Legacy (no cutoff),T111,Ambiguous,Tree Trimming,clarify,tree branches are touching power lines,"Even though Austin Energy trims trees around electrical infrastructure to maintain safety and reliability, homeowners should maintain their trees to help prevent hazards to power lines and their home. Simple maintenance can keep trees from falling onto power lines or your house. You can trim trees that are outside the 10 feet safety zone of a power line. Keep the branches clipped back to keep them from reaching the power lines themselves. Proper trimming also decreases the chances of fallen limbs during storms. If the tree limb is within 10 feet of power lines, please do not trim it yourself. Instead, submit a Tree Trimming Request Form. Remove dead branches since they can fly onto power lines with strong winds. Plant the right tree in the right place. See the Removing and Planting Trees FAQs for more information. Notification Process",False,"The response does not ask if lines are down or sparking, which is required for clarification."
Legacy (no cutoff),T112,Clean paraphrase,Tree Trimming,answer,can i request tree trimming,"If you have trees on your property that are within 10 feet of power lines, please do not attempt to trim these limbs on your own. Instead, submit a Tree Trimming Request Form. An inspector will evaluate your request within 2-4 weeks from the date of request. If the tree is not on your property, please report the incident to 3-1-1. If there are sparks and/or a limb pulling the line from a pole or the house, please call 512-322-9100 to report the utility emergency.",True,Response correctly instructs to submit a Tree Trimming Request Form and states the inspector evaluation timeframe of 2-4 weeks.
Legacy (no cutoff),T113,Clean paraphrase,Tree Trimming,answer,who trims trees near utility lines,"If you have trees on your property that are within 10 feet of power lines, please do not attempt to trim these limbs on your own. Instead, submit a Tree Trimming Request Form. An inspector will evaluate your request within 2-4 weeks from the date of request. If the tree is not on your property, please report the incident to 3-1-1. If there are sparks and/or a limb pulling the line from a pole or the house, please call 512-322-9100 to report the utility emergency.",False,The response does not explicitly state that Austin Energy Forestry trims trees near power lines.
Legacy (no cutoff),T114,Clean paraphrase,Tree Trimming,answer,dangerous tree near electrical wires,"Even though Austin Energy trims trees around electrical infrastructure to maintain safety and reliability, homeowners should maintain their trees to help prevent hazards to power lines and their home. Simple maintenance can keep trees from falling onto power lines or your house. You can trim trees that are outside the 10 feet safety zone of a power line. Keep the branches clipped back to keep them from reaching the power lines themselves. Proper trimming also decreases the chances of fallen limbs during storms. If the tree limb is within 10 feet of power lines, please do not trim it yourself. Instead, submit a Tree Trimming Request Form. Remove dead branches since they can fly onto power lines with strong winds. Plant the right tree in the right place. See the Removing and Planting Trees FAQs for more information. Notification Process",False,"Response does not mention calling 512-322-9100 if sparking, which is a key fact."
Legacy (no cutoff),T115,Ambiguous,Tree Trimming,clarify,my tree is a problem,"Issues by City Department Vegetation/Tree Issue City Department Trees/Limbs near power lines Austin Energy Trees on street light facilities Austin Energy Trees on creeks Austin Watershed Protection Trees (public) on sidewalks, low-hanging branches over road, right-of-way roads Austin Transportation and Public Works Tree limbs bundled and left on curb for pick-up Austin Resource Recovery Tree limbs on traffic signals, stop signs, alleys Austin Transportation and Public Works Trees in greenbelts and parks Austin Parks and Recreation Tree issues on private property not related to any of the issues listed above Property owner’s responsibility Contact 3-1-1 or use the 311 app by submitting 'Other' to report concerns about trees and vegetation in the public right of way.",True,The response clarifies the issue by asking about the tree's location and provides appropriate contacts based on the situation.
Legacy (no cutoff),T116,Clean paraphrase,Safety,answer,what should i do after a storm outage,"Report outages online or call 512-322-9100, and call 9-1-1 for emergencies. Report downed or low hanging lines to 512-322-9100, stay at least 35 feet away, and never knock icicles off power lines.",True,"Response includes reporting outage, staying 35 feet from downed lines, and safety instructions."
Legacy (no cutoff),T117,Clean paraphrase,Safety,answer,how do i stay safe around damaged power equipment,"We trim your trees to help prevent power outages, personal injury, and fires. Adequate trimming maintains compliance with the National Electric Safety Code and provides a safer environment around power lines. Tree limbs that rub against power lines can cause voltage fluctuations or outages and damage the power lines and limbs.",False,Response does not mention staying 35 feet away or calling 512-322-9100 for damaged power equipment safety.
Legacy (no cutoff),T118,Clean paraphrase,Safety,answer,is a downed line dangerous even if it isn't sparking,"Report outages online or call 512-322-9100, and call 9-1-1 for emergencies. Report downed or low hanging lines to 512-322-9100, stay at least 35 feet away, and never knock icicles off power lines.",True,"Response correctly states to stay 35 feet away and call 512-322-9100 for downed lines, implying they are dangerous even if not sparking."
Legacy (no cutoff),T119,Ambiguous,Safety,clarify,what should i do its freezing,"You should never approach a downed power line or a limb in contact with power line. Always treat downed power lines as live. During an outage, stay at least 35 feet away from any downed line. If you see a downed line, call Austin Energy at 512-322-9100. If you are trapped by a downed line — in your car, in an out-building or other structure — call 911.",False,"The response addresses downed power lines and safety, not clarifying the customer's freezing concern as required."
Legacy (no cutoff),T120,Clean paraphrase,Safety,answer,how long will my fridge food stay good without power,"A refrigerator with the doors kept shut can keep food cold for a day or two. About 25 pounds of dry ice will keep a 10 cubic foot freezer at 32 degrees F for three to four days. When in doubt, throw the food out.",True,Response contains key facts about food safety without power and advises to throw out when in doubt.
Legacy (no cutoff),T121,Clean paraphrase,Safety,answer,can i run a generator in my garage,"Only if used correctly. Never fuel or run a portable generator inside your home or garage. Make sure it has a double throw transfer switch to prevent feedback on power lines, and follow the manufacturer's instructions.",True,Response clearly states never to run a generator inside the home or garage and provides additional safety advice.
Legacy (no cutoff),T122,Clean paraphrase,Safety,answer,can i plug the fridge into a power strip,"No. Major appliances such as refrigerators, washers, dryers, and microwaves should always be plugged directly into a wall outlet. Never use an extension cord with a major appliance.",True,Response correctly states that major appliances should be plugged directly into a wall outlet and not into a power strip.
Legacy (no cutoff),T123,Ambiguous,Safety,clarify,my outlet sparked,"If you have trees on your property that are within 10 feet of power lines, please do not attempt to trim these limbs on your own. Instead, submit a Tree Trimming Request Form. An inspector will evaluate your request within 2-4 weeks from the date of request. If the tree is not on your property, please report the incident to 3-1-1. If there are sparks and/or a limb pulling the line from a pole or the house, please call 512-322-9100 to report the utility emergency.",False,The response does not ask if there is fire or smoke and does not advise to stop using the outlet or call 9-1-1 if needed.
Legacy (no cutoff),T124,Clean paraphrase,Safety,answer,its 105 out where can i go to stay cool,"During extreme heat, City of Austin Library and Parks and Recreation facilities serve as cooling centers during normal hours. Check austintexas.gov/alerts for more information.",True,Response correctly identifies City of Austin libraries and recreation centers as cooling centers and provides a relevant website for more information.
Legacy (no cutoff),T125,Clean paraphrase,Safety,answer,do i need special plugs near the sink,(e.g. Wi-Fi thermostat or extra meter)?No. You do not need any special equipment or technology to subscribe to GreenChoice.,False,"Response does not address GFCI outlets or plugs near the sink, and is unrelated to the question."
Legacy (no cutoff),T126,Out-of-scope,Out-of-Scope,decline,what is my current balance,A payment extension allows you a little more time pay your current bill. A payment arrangement allows you to pay a past due balance in monthly installments until it is paid in full. Your current charges are due with the monthly installment by the bill's scheduled due date while you are paying a past due balance under the payment arrangement agreement. You should check the eligibility requirements for each option to help you decide which one is right for you.,False,The response does not decline or direct the customer to log in or call for balance information.
Legacy (no cutoff),T127,Out-of-scope,Out-of-Scope,decline,when is my next bill due,"Austin Energy offers a rebate averaging $800 when a participating contractor installs a qualifying air conditioner or heat pump. Amounts range from $600 to $800 for central AC and $650 to $950 for heat pumps, depending on efficiency.",False,Response does not decline or direct to check COA Utilities account; it provides unrelated rebate information.
Legacy (no cutoff),T128,Out-of-scope,Out-of-Scope,decline,change the name on my account to my wife,"If you have more than five Austin Energy electric service accounts, you need to call 512-494-9400 and a representative will help you.",False,"Response addresses multiple accounts, not name change; does not decline or direct to Customer Care for name change."
Legacy (no cutoff),T129,Out-of-scope,Out-of-Scope,decline,my water heater is leaking,"Yes. Austin Energy offers a $1,000 rebate to install an ENERGY STAR certified hybrid electric (heat pump) water heater.",False,The response incorrectly promotes a rebate instead of declining and advising to contact a plumber.
Legacy (no cutoff),T130,Out-of-scope,Out-of-Scope,decline,how do i apply for a pole attachment permit,"You can call 2-1-1 to apply for Medicaid or SNAP. You can also enroll online using the Texas Department of Health and Human Services website. To apply for CHIP, call 1-877-543-7669 or learn how to apply at the Texas HHS website. You can apply for Lifeline Texas discounts by calling toll free 1-866-454-8387 or by downloading the application from the Public Utility Commission of Texas website. You can contact your local Travis County Health and Human Services Department office to apply for CEAP. Call 2-1-1 to find the nearest office. You can call 512-978-8130 to discuss eligibility for the Medical Access Program. You can apply for SSI by contacting Social Security for an appointment. To make an appointment, call 1-800-772-1213 (TTY 1-800-325-0778) or contact your local Social Security office. You can also fill out the online disability report from the Social Security website to get the process started.",False,The response is unrelated to the question and does not decline or direct the customer appropriately.
Legacy (no cutoff),T131,Out-of-scope,Out-of-Scope,decline,what is the demand charge for my business,"How much will my discount be? The Customer Assistance Discount Program offers about $1,092 in yearly discounts off your utility bill depending on what utility services you have through the City of Austin. Discounts available: Electric Service Customer Charge waiver Discount on your total electrical usage Discount on your Community Benefit Charges Water Multi-Family Program discount Water Service Customer Charge waiver Water Tiered Fixed Charge waiver Water Volume Charge discount Wastewater Service Customer Charge waiver Wastewater Volume Charge discount Drainage Charge 50% discount",False,"The response does not decline or indicate that commercial rates are out of scope, instead it provides unrelated discount information."
Legacy (no cutoff),T132,Out-of-scope,Out-of-Scope,decline,is the tap water safe to drink,Subscribing to GreenChoice helps reduce air pollution and conserve water by relying less on fossil fuels. Your subscription supports clean energy projects across Texas and helps build a more sustainable future.,False,Response does not decline or direct to Austin Water or 3-1-1 as required.
Legacy (no cutoff),T133,Out-of-scope,Out-of-Scope,decline,when is bulk item pickup,"Sorry, I don't have an answer for that. Please call Customer Care at 512-494-9400.",False,Response does not point to 3-1-1 as required for decline.
Legacy (no cutoff),T134,Out-of-scope,Out-of-Scope,decline,can you recommend a good electrician,"Home Energy Savings is a whole house approach to energy efficiency. A participating contractor does a no cost in home assessment and recommends improvements. Rebates average $3,000, and improvements typically lower summer energy bills by an average of 20%.",False,Response does not decline or state inability to recommend private electricians.
Legacy (no cutoff),T135,Out-of-scope,Out-of-Scope,decline,whats the weather tomorrow,"Weather and vegetation cause more than one in three outages in the Austin area. Swaying or broken limbs can rub against wires or bring down power lines, and ice can push wires into trees.",False,The response provides unrelated information instead of declining to answer the weather question.
Legacy (no cutoff),T136,Out-of-scope,Out-of-Scope,decline,should i switch to reliant energy,Subscribing to GreenChoice helps reduce air pollution and conserve water by relying less on fossil fuels. Your subscription supports clean energy projects across Texas and helps build a more sustainable future.,False,The response gives advice about a program rather than declining to advise on other providers.
Legacy (no cutoff),T137,Out-of-scope,Out-of-Scope,decline,how do i become an austin energy contractor,"Austin Energy is available to meet with each property owner to discuss work plans. To improve your customer experience, we have also streamlined our customer notification process for scheduled trimming: We notify your neighborhood leaders — We send your neighborhood association an early notification letter or email announcing planned trimming in your area. We come to your door — About two weeks after notifying your neighborhood association, our contractors will visit each property to assess trimming needs. A designated work planner discusses these needs with you, prepares a work plan, and marks affected trees with green (trimming) or pink (removal) ribbons with the Austin Energy logo. We leave information — If you are not home for the assessment, our designated work planner leaves the work plan on your door. If you wish to discuss the plan, call the number on the door hanger to schedule a visit. If you are not the property owner, please notify the owner. If we don’t hear from you, we’ll proceed with the trimming plan.",False,The response does not decline or indicate the topic is out of scope; it answers a different topic about tree trimming.
Legacy (no cutoff),T138,Out-of-scope,Out-of-Scope,decline,who won the city council election,City Council determines the qualifiers for the Customer Assistance Discount program.,False,Response answers a different question about the Customer Assistance Discount program instead of declining.
Legacy (no cutoff),T139,Out-of-scope,Out-of-Scope,decline,my neighbors dog wont stop barking,"How much will my discount be? The Customer Assistance Discount Program offers about $1,092 in yearly discounts off your utility bill depending on what utility services you have through the City of Austin. Discounts available: Electric Service Customer Charge waiver Discount on your total electrical usage Discount on your Community Benefit Charges Water Multi-Family Program discount Water Service Customer Charge waiver Water Tiered Fixed Charge waiver Water Volume Charge discount Wastewater Service Customer Charge waiver Wastewater Volume Charge discount Drainage Charge 50% discount",False,The response does not address the neighbor's dog barking or direct the customer to 3-1-1 as required for decline behavior.
Legacy (no cutoff),T140,Out-of-scope,Out-of-Scope,decline,tell me a joke,"Sorry, I don't have an answer for that. Please call Customer Care at 512-494-9400.",True,The response declines to answer the joke request and offers a contact for Austin Energy questions.
Legacy (no cutoff),T141,Out-of-scope,Out-of-Scope,decline,what are commercial electric rates,"Inside the City of Austin, there is a $17.35 monthly customer charge plus a four tier energy charge: 4.872 cents per kWh for the first 300 kWh, 5.395 cents up to 900 kWh, 7.901 cents up to 2,000 kWh, and 11.428 cents above 2,000 kWh.",False,Response provides commercial rates instead of declining as commercial rates are out of scope.
Legacy (no cutoff),T142,Out-of-scope,Out-of-Scope,decline,are you hiring right now,"Scammers may threaten to disconnect your service within an hour unless you pay right away with a gift card, prepaid card, payment app, or cryptocurrency. Others claim you overpaid and ask for your bank or card details to send a refund.",False,Response does not address hiring question and provides unrelated scam warning.
Legacy (no cutoff),T143,Out-of-scope,Out-of-Scope,decline,how do i apply for a city job,"You can call 2-1-1 to apply for Medicaid or SNAP. You can also enroll online using the Texas Department of Health and Human Services website. To apply for CHIP, call 1-877-543-7669 or learn how to apply at the Texas HHS website. You can apply for Lifeline Texas discounts by calling toll free 1-866-454-8387 or by downloading the application from the Public Utility Commission of Texas website. You can contact your local Travis County Health and Human Services Department office to apply for CEAP. Call 2-1-1 to find the nearest office. You can call 512-978-8130 to discuss eligibility for the Medical Access Program. You can apply for SSI by contacting Social Security for an appointment. To make an appointment, call 1-800-772-1213 (TTY 1-800-325-0778) or contact your local Social Security office. You can also fill out the online disability report from the Social Security website to get the process started.",False,The response does not decline and does not point to the City of Austin jobs site as required.
Legacy (no cutoff),T144,Out-of-scope,Out-of-Scope,decline,when is trash pickup in my area,"Charge between 10 p.m. and 6 a.m., when wind power peaks on the Texas grid. Avoid charging between 4 p.m. and 7 p.m., when there is typically less capacity on the grid.",False,Response does not decline or point to 3-1-1 as required.
Legacy (no cutoff),T145,Out-of-scope,Out-of-Scope,decline,how do i report a pothole,"If you have trees on your property that are within 10 feet of power lines, please do not attempt to trim these limbs on your own. Instead, submit a Tree Trimming Request Form. An inspector will evaluate your request within 2-4 weeks from the date of request. If the tree is not on your property, please report the incident to 3-1-1. If there are sparks and/or a limb pulling the line from a pole or the house, please call 512-322-9100 to report the utility emergency.",False,The response does not address how to report a pothole and instead talks about tree trimming and power lines.
Legacy (no cutoff),T146,Out-of-scope,Out-of-Scope,decline,what are water restrictions today,"Your bill can include charges for drainage, electricity, solid waste, street service, wastewater, and water, depending on which City of Austin services you receive.",False,Response does not decline or point to Austin Water or 3-1-1 as required.
Legacy (no cutoff),T147,Out-of-scope,Out-of-Scope,decline,i need a building permit,"If you have more than five Austin Energy electric service accounts, you need to call 512-494-9400 and a representative will help you.",False,Response does not decline and does not point to Development Services or 3-1-1 for building permits.
Legacy (no cutoff),T148,Out-of-scope,Out-of-Scope,decline,who do i call about road construction,"Issues by City Department Vegetation/Tree Issue City Department Trees/Limbs near power lines Austin Energy Trees on street light facilities Austin Energy Trees on creeks Austin Watershed Protection Trees (public) on sidewalks, low-hanging branches over road, right-of-way roads Austin Transportation and Public Works Tree limbs bundled and left on curb for pick-up Austin Resource Recovery Tree limbs on traffic signals, stop signs, alleys Austin Transportation and Public Works Trees in greenbelts and parks Austin Parks and Recreation Tree issues on private property not related to any of the issues listed above Property owner’s responsibility Contact 3-1-1 or use the 311 app by submitting 'Other' to report concerns about trees and vegetation in the public right of way.",True,Response correctly declines and directs to 3-1-1 as required.
Legacy (no cutoff),T149,Out-of-scope,Out-of-Scope,decline,register me to vote,"Sorry, I don't have an answer for that. Please call Customer Care at 512-494-9400.",True,The response correctly declines to answer and directs the customer to a sensible contact.
Legacy (no cutoff),T150,Out-of-scope,Out-of-Scope,decline,what time does city hall close,"If you receive a disconnection letter, the most important thing to do to avoid any interruption of service is to connect with City of Austin Utilities to pay your bill in full or to make a payment arrangement and/or to review financial assistance options.",False,Response does not decline or point to 3-1-1 as required.
Legacy (0.5 cutoff),T001,Transactional,Report Outage,route,lights are out at my house how do i tell you,"No, Outage Alerts are for power outages only. To report a street light out, call 3-1-1. You can also report it using the 3-1-1 online service request or download the 3-1-1 mobile app.",False,"Response addresses street light outages, not how to report a power outage at the house as asked."
Legacy (0.5 cutoff),T002,Transactional,Report Outage,route,need to report a blackout,"Sorry, I don't have an answer for that. Please call Customer Care at 512-494-9400.",False,Response gives incorrect contact information instead of the correct blackout reporting numbers.
Legacy (0.5 cutoff),T003,Transactional,Report Outage,route,our whole block lost power,"Sorry, I don't have an answer for that. Please call Customer Care at 512-494-9400.",False,"Response gives incorrect contact number, not matching key facts for reporting power outage."
Legacy (0.5 cutoff),T004,Transactional,Report Outage,route,can you send someone my power went out,"Report it online, text OUT to 287846, or call 512-322-9100. Austin Energy will send status updates by text as they are available.",True,Response provides correct reporting options and next steps for power outage.
Legacy (0.5 cutoff),T005,Transactional,Report Outage,route,electricity is out where do i report it,"Sorry, I don't have an answer for that. Please call Customer Care at 512-494-9400.",False,"Response gives incorrect contact number, not matching key facts for reporting outages."
Legacy (0.5 cutoff),T006,Clean paraphrase,Report Outage,answer,what's the fastest way to let austin energy know my power is off,"My power is still out.If power around you has been restored but yours is still out, you may have a nested outage — more than one issue leading to your power loss. Austin Energy may not be aware of this secondary outage, so please report it by texting OUT to 287846. I'm already signed up for Outage Alerts. My power came back on briefly and then went out again. Should I text OUT again?Yes. If your lights come on but then go back out, text OUT to 287846. Sí. Envíe APAGON por mensaje de texto a 287846 para reportar un apagó. I'm trying to report an outage by text, but keep getting an error message. What should I do?Please call 512-322-9100 and speak with a Customer Care Representative.",True,"Response provides the phone number and text option to report an outage, matching key facts."
Legacy (0.5 cutoff),T007,Ambiguous,Report Outage,clarify,nothing is working,"Sorry, I don't have an answer for that. Please call Customer Care at 512-494-9400.",False,Response does not ask a clarifying question or offer outage reporting as required for clarification.
Legacy (0.5 cutoff),T008,Clean paraphrase,Report Outage,answer,who do i contact when the lights go out,"Sorry, I don't have an answer for that. Please call Customer Care at 512-494-9400.",False,"Response gives incorrect contact number, not the required 512-322-9100."
Legacy (0.5 cutoff),T009,Typos / slang,Report Outage,answer,pwr out cant get lights bak on,"Sorry, I don't have an answer for that. Please call Customer Care at 512-494-9400.",False,Response does not provide key facts or correct instructions for power outage.
Legacy (0.5 cutoff),T010,Clean paraphrase,Report Outage,answer,my neighborhood has no electricity,"Sorry, I don't have an answer for that. Please call Customer Care at 512-494-9400.",False,Response does not provide the correct outage reporting contacts or mention the outage map.
Legacy (0.5 cutoff),T011,Transactional,Check Outage Status,route,check outage status,"Your outage status may change based on what crews discover as they work through the outage. Crews may complete work on larger outages only to discover smaller clusters of customers who are still without power. These secondary outages are sometimes called “nested” outages. My outage was showing on the map earlier. My power is still out, so why isn’t it showing now? Do I need to report my outage again? Yes. Your power outage may be part of a secondary outage, sometimes called a nested outage. That’s when power is restored on a larger outage and some people regain power, but damage further down the line keeps power off for other customers. For example, a problem at a substation or with the transformer at the end of your block has been fixed but the tree that fell on the power line by your home is preventing your power from coming back on. When there is a secondary outage, Austin Energy may not be aware that your power is still out, so please report it again. Click Report Outage at the top of the map to report your outage online. You can also report an outage by texting OUT to 287246 or by calling 512-322-9100. Reporting your outage for a second time doesn’t necessarily mean that your outage will take longer to resolve. Austin Energy works to restore power in a manner that brings customers back online as quickly and efficiently as possible. Learn more about How We Restore Power.",True,"The response correctly routes the customer to the Outage Map and provides detailed instructions on reporting outages, matching the key facts."
Legacy (0.5 cutoff),T012,Transactional,Check Outage Status,route,is there a way to see when power will be back,"You may see a neighbor's lights come back on while you are still without power. Sometimes, not all circuits are restored at the same time — as different parts of your neighborhood may be connected to different circuits. Or a restored customer’s service comes directly from a primary line, which is restored first, while your service may be served off a secondary line. There may also be damage to customer-owned equipment that must be fixed before Austin Energy can restore power. A utility vehicle is parked down the street. Can I ask the crew for an update? No. Please stay away from crews working to restore power. Lineworkers have dangerous jobs and there are often hazards that you may not see. Please allow crews to work safely and efficiently without interruption. Be assured that Austin Energy lineworkers are highly trained professionals who are there to restore your power. They work quickly, but their top priority is safety — including yours.",False,"The response does not provide information about the Outage Map or estimated restoration time, nor does it direct the customer to where they can see when power will be back."
Legacy (0.5 cutoff),T013,Transactional,Check Outage Status,route,show me outage map,"To learn more about an outage that is affecting your home or business, zoom in on your neighborhood. Select the icon in your area to learn more about the outage. Click Overview to see the number of active outages, the total affected customers, and other outage details. Estimated restoration times and the cause of the outage are provided as that information becomes available.",True,The response correctly guides the user on how to use the outage map and what information it provides.
Legacy (0.5 cutoff),T014,Spanish,Check Outage Status,answer,quiero saber cuándo regresa la luz,"Sorry, I don't have an answer for that. Please call Customer Care at 512-494-9400.",False,Response does not provide outage map or mention estimated restoration time information.
Legacy (0.5 cutoff),T015,Clean paraphrase,Check Outage Status,answer,how long until service is restored,"To reconnect utility service that was disconnected for non-payment, you will be asked to pay the full past due balance. If your services are disconnected and your payment is made after 7:30 p.m., power restoration is not guaranteed same day. Please contact Customer Care at 512-494-9400 for options. A $25 reconnection fee will be assessed on your next utility bill.",False,Response does not address restoration time or outage map estimates.
Legacy (0.5 cutoff),T016,Ambiguous,Outage Alerts,clarify,can i get updates,"Sorry, I don't have an answer for that. Please call Customer Care at 512-494-9400.",False,The response does not ask a clarifying question or provide a helpful answer for the likely meaning.
Legacy (0.5 cutoff),T017,Clean paraphrase,Outage Alerts,answer,how do i sign up for outage texts,"You can sign up to get outage alerts after your start of service date, whether you are new to Austin Energy or transferring service to a different address.",False,Response does not provide the key facts on how to sign up for outage texts.
Legacy (0.5 cutoff),T018,Typos / slang,Outage Alerts,answer,how i get txts when power out,"Sorry, I don't have an answer for that. Please call Customer Care at 512-494-9400.",False,Response does not provide the key fact about texting REG to 287846 for power outage alerts.
Legacy (0.5 cutoff),T019,Clean paraphrase,Outage Alerts,answer,send outage notifications to my phone,"Yes. Even if you have signed up for Outage Alerts, you can always report an outage by calling 512-322-9100.",False,Response does not provide instructions to sign up for outage notifications via text or online.
Legacy (0.5 cutoff),T020,Spanish,Outage Alerts,answer,cómo recibo alertas de apagones,"Sorry, I don't have an answer for that. Please call Customer Care at 512-494-9400.",False,The response does not provide the key information about texting REG or REGISTRO to 287846 for outage alerts.
Legacy (0.5 cutoff),T021,Clean paraphrase,Downed Power Lines,safety,there's a power line hanging in my yard,"Sorry, I don't have an answer for that. Please call Customer Care at 512-494-9400.",False,Response fails to advise staying away and does not provide the correct emergency contact number.
Legacy (0.5 cutoff),T022,Ambiguous,Downed Power Lines,safety,something fell near the pole,"Sorry, I don't have an answer for that. Please call Customer Care at 512-494-9400.",False,Response does not address safety or provide correct emergency contact information.
Legacy (0.5 cutoff),T023,Clean paraphrase,Downed Power Lines,safety,a wire is on the ground outside,"Sorry, I don't have an answer for that. Please call Customer Care at 512-494-9400.",False,Response does not instruct to stay away or provide the correct emergency number.
Legacy (0.5 cutoff),T024,Typos / slang,Downed Power Lines,safety,power line dwn by road,"Sorry, I don't have an answer for that. Please call Customer Care at 512-494-9400.",False,Response does not advise to stay away or provide the correct emergency number.
Legacy (0.5 cutoff),T025,Clean paraphrase,Downed Power Lines,safety,i think a utility line snapped during the storm,"Sorry, I don't have an answer for that. Please call Customer Care at 512-494-9400.",False,Response does not advise to stay away or provide the correct emergency number.
Legacy (0.5 cutoff),T026,Spanish,Understand My Bill,answer,por qué mi factura es tan alta,"Sorry, I don't have an answer for that. Please call Customer Care at 512-494-9400.",False,Response does not explain tiered rates or suggest checking usage in COA Utilities account.
Legacy (0.5 cutoff),T027,Clean paraphrase,Understand My Bill,answer,what is the power supply adjustment charge,"Your PSA charge reflects the cost of generating and delivering energy to customers, and will remain the same. GreenChoice applies your renewable portion separately to keep billing transparent and fair for all customers.",False,"Response does not mention the PSA charge is 3.912 cents per kWh, recovers fuel and purchased power costs, or that it is adjusted annually."
Legacy (0.5 cutoff),T028,Ambiguous,Understand My Bill,clarify,my bill looks wrong,"Sorry, I don't have an answer for that. Please call Customer Care at 512-494-9400.",False,"The response does not ask what looks wrong or mention the dispute option, failing to clarify the issue."
Legacy (0.5 cutoff),T029,Clean paraphrase,Understand My Bill,answer,explain these charges on my bill,"They include the Customer Assistance Program, Service Area Lighting, and Energy Efficiency Programs. Together they fund bill discounts for qualifying customers, street lighting and traffic signals, and energy efficiency rebates.",False,Response does not mention the required charges on the bill.
Legacy (0.5 cutoff),T030,Typos / slang,Understand My Bill,answer,y bill way higher this month,"Sorry, I don't have an answer for that. Please call Customer Care at 512-494-9400.",False,"Response does not explain tiered rates or how to check usage, only directs to call."
Legacy (0.5 cutoff),T031,Clean paraphrase,Understand My Bill,answer,what am i paying for besides electricity,"Sorry, I don't have an answer for that. Please call Customer Care at 512-494-9400.",False,The response does not provide the key facts about charges besides electricity.
Legacy (0.5 cutoff),T032,Spanish,Understand My Bill,answer,no entiendo los cargos en mi factura,"Sorry, I don't have an answer for that. Please call Customer Care at 512-494-9400.",False,Response declines to answer instead of explaining bill components as required.
Legacy (0.5 cutoff),T033,Clean paraphrase,Understand My Bill,answer,where can i see a breakdown of my bill,"Your COA Utilities account shows a breakdown of your bill by cooling and heating, appliances, electronics, and other uses. If you have solar panels, it also shows their energy production.",True,Response correctly lists the breakdown categories and adds relevant information about solar panels without contradiction.
Legacy (0.5 cutoff),T034,Ambiguous,Understand My Bill,clarify,why am i being charged so much,"Sorry, I don't have an answer for that. Please call Customer Care at 512-494-9400.",False,The response does not ask a clarifying question or address the likely reasons for high charges.
Legacy (0.5 cutoff),T035,Clean paraphrase,Understand My Bill,answer,what is the monthly customer charge,"Inside the City of Austin, there is a $17.35 monthly customer charge plus a four tier energy charge: 4.872 cents per kWh for the first 300 kWh, 5.395 cents up to 900 kWh, 7.901 cents up to 2,000 kWh, and 11.428 cents above 2,000 kWh.",True,Response correctly states the monthly customer charge as $17.35 per month without contradiction.
Legacy (0.5 cutoff),T036,Typos / slang,Payment Options,answer,how i pay bill online,"Sorry, I don't have an answer for that. Please call Customer Care at 512-494-9400.",False,Response does not provide information about online bill payment or the $3.90 fee.
Legacy (0.5 cutoff),T037,Clean paraphrase,Payment Options,answer,what ways can i pay my utility bill,"The City understands some customers may be experiencing continued hardships making it difficult to pay their bill. We ask that you contact City of Austin Utilities Customer Care at 512-494-9400, where a Customer Service Representative will review your account and discuss available options such as payment arrangements and/or financial assistance.",False,"Response does not mention the payment methods: Quick Payment online or by phone, Customer Service Centers, or authorized pay stations."
Legacy (0.5 cutoff),T038,Spanish,Payment Options,answer,puedo pagar mi factura por internet,"Sorry, I don't have an answer for that. Please call Customer Care at 512-494-9400.",False,Response does not provide the key fact that online payment is available.
Legacy (0.5 cutoff),T039,Clean paraphrase,Payment Options,answer,can i pay over the phone,"Sorry, I don't have an answer for that. Please call Customer Care at 512-494-9400.",False,Response does not provide the correct phone number for paying over the phone as required.
Legacy (0.5 cutoff),T040,Ambiguous,Payment Options,clarify,i need to make a payment,"Sorry, I don't have an answer for that. Please call Customer Care at 512-494-9400.",False,The response does not ask a clarifying question or provide a helpful answer related to making a payment.
Legacy (0.5 cutoff),T041,Clean paraphrase,Payment Arrangement,answer,can i split my bill into payments,"Sorry, I don't have an answer for that. Please call Customer Care at 512-494-9400.",False,"Response does not provide information about payment arrangements, only directs to call."
Legacy (0.5 cutoff),T042,Typos / slang,Payment Arrangement,answer,cant pay whole bill rn,"The City understands some customers may be experiencing continued hardships making it difficult to pay their bill. We ask that you contact City of Austin Utilities Customer Care at 512-494-9400, where a Customer Service Representative will review your account and discuss available options such as payment arrangements and/or financial assistance.",True,Response includes key facts about payment arrangements and the correct contact number.
Legacy (0.5 cutoff),T043,Clean paraphrase,Payment Arrangement,answer,do you offer payment plans,"Sorry, I don't have an answer for that. Please call Customer Care at 512-494-9400.",False,"Response does not confirm payment plans are offered, only provides contact information."
Legacy (0.5 cutoff),T044,Spanish,Payment Arrangement,answer,necesito más tiempo para pagar mi factura,"Sorry, I don't have an answer for that. Please call Customer Care at 512-494-9400.",False,"Response does not provide information about payment extensions or arrangements, only a referral."
Legacy (0.5 cutoff),T045,Clean paraphrase,Payment Arrangement,answer,can i request a payment plan online,"You can set up a payment arrangement before you fall behind on your utility bills. Call Customer Care at 512-494-9400 or email us to see if you qualify. A customer service representative will review your account and determine your eligibility, the terms and options available to you, and the monthly installment amount. You can also log in to COA Utilities to request a 12-month payment arrangement online. Other payment terms and options may be available to customers who contact Customer Care by phone or email.",True,Response correctly states that a 12-month payment arrangement can be requested online via COA Utilities and provides additional helpful information.
Legacy (0.5 cutoff),T046,Ambiguous,Collections,clarify,i got a letter in the mail,"Sorry, I don't have an answer for that. Please call Customer Care at 512-494-9400.",False,The response does not ask a clarifying question about the letter's content.
Legacy (0.5 cutoff),T047,Clean paraphrase,Collections,answer + offer human,will they cut off my power if im a week late paying,"Sorry, I don't have an answer for that. Please call Customer Care at 512-494-9400.",False,Response fails to provide key facts about past due notice and possible disconnection before offering human contact.
Legacy (0.5 cutoff),T048,Typos / slang,Collections,answer + offer human,got disconnect notice wat now,"The City cannot specify the exact amount of time each customer has before services are disconnected. However, at a minimum, service disconnection notice letters are delivered at least 10 business days before issuing a disconnect order. This allows time to make a payment or contact Customer Care for alternative payment assistance options.",False,Response does not provide the Customer Care phone number or explicitly offer assistance options.
Legacy (0.5 cutoff),T049,Clean paraphrase,Collections,answer + offer human,how do i keep my electricity from being shut off,"Sorry, I don't have an answer for that. Please call Customer Care at 512-494-9400.",False,"Response does not provide key facts about paying or arranging assistance, only offers a contact number."
Legacy (0.5 cutoff),T050,Spanish,Collections,answer + offer human,recibí un aviso de desconexión,"Sorry, I don't have an answer for that. Please call Customer Care at 512-494-9400.",False,Response does not mention calling before the due date on the notice.
Legacy (0.5 cutoff),T051,Transactional,Bill Dispute,route,i think i was billed incorrectly,"Sorry, I don't have an answer for that. Please call Customer Care at 512-494-9400.",True,Response correctly routes the customer to the provided contact number for billing issues.
Legacy (0.5 cutoff),T052,Transactional,Bill Dispute,route,how do i dispute a charge,"Sorry, I don't have an answer for that. Please call Customer Care at 512-494-9400.",True,Response correctly routes the customer to the provided phone number for disputing a charge.
Legacy (0.5 cutoff),T053,Clean paraphrase,Bill Dispute,answer + offer human,someone needs to review my bill,"The City understands some customers may be experiencing continued hardships making it difficult to pay their bill. We ask that you contact City of Austin Utilities Customer Care at 512-494-9400, where a Customer Service Representative will review your account and discuss available options such as payment arrangements and/or financial assistance.",True,Response provides the correct contact number and offers a human representative for bill review.
Legacy (0.5 cutoff),T054,Ambiguous,Bill Dispute,clarify,this amount doesn't seem right,"Sorry, I don't have an answer for that. Please call Customer Care at 512-494-9400.",False,"The response does not ask which amount or why, nor does it mention administrative review; it only directs to call Customer Care."
Legacy (0.5 cutoff),T055,Clean paraphrase,Bill Dispute,answer + offer human,how do i contest my electric bill,"Sorry, I don't have an answer for that. Please call Customer Care at 512-494-9400.",False,"Response declines to answer and offers contact, but does not provide required key facts about contesting the bill."
Legacy (0.5 cutoff),T056,Typos / slang,CAP,answer,any hlp paying utilty bill,"Sorry, I don't have an answer for that. Please call Customer Care at 512-494-9400.",False,Response does not mention CAP discounts or Plus 1 emergency help as required.
Legacy (0.5 cutoff),T057,Clean paraphrase,CAP,answer,i'm struggling to pay my electric bill,"The City understands some customers may be experiencing continued hardships making it difficult to pay their bill. We ask that you contact City of Austin Utilities Customer Care at 512-494-9400, where a Customer Service Representative will review your account and discuss available options such as payment arrangements and/or financial assistance.",True,Response provides the correct contact number and mentions assistance options related to bill payment struggles.
Legacy (0.5 cutoff),T058,Spanish,CAP,answer,hay programas de ayuda para personas de bajos ingresos,"Sorry, I don't have an answer for that. Please call Customer Care at 512-494-9400.",False,The response does not provide information about CAP utility bill discounts or qualification through programs like Medicaid or SNAP.
Legacy (0.5 cutoff),T059,Clean paraphrase,CAP,answer,do low income customers qualify for help,"Sorry, I don't have an answer for that. Please call Customer Care at 512-494-9400.",False,Response does not provide the required information about low income qualification criteria.
Legacy (0.5 cutoff),T060,Ambiguous,CAP,clarify,can i get a discount,"How much will my discount be? The Customer Assistance Discount Program offers about $1,092 in yearly discounts off your utility bill depending on what utility services you have through the City of Austin. Discounts available: Electric Service Customer Charge waiver Discount on your total electrical usage Discount on your Community Benefit Charges Water Multi-Family Program discount Water Service Customer Charge waiver Water Tiered Fixed Charge waiver Water Volume Charge discount Wastewater Service Customer Charge waiver Wastewater Volume Charge discount Drainage Charge 50% discount",False,"The response does not ask what kind of discount the customer is referring to, failing to clarify the question."
Legacy (0.5 cutoff),T061,Clean paraphrase,CAP,answer,what documents do i need for assistance,"Sorry, I don't have an answer for that. Please call Customer Care at 512-494-9400.",False,Response does not provide the required documents or mention the 2-1-1 contact as per key facts.
Legacy (0.5 cutoff),T062,Typos / slang,CAP,answer,how do i aply 4 bill discount,"Sorry, I don't have an answer for that. Please call Customer Care at 512-494-9400.",False,Response does not provide key facts about applying online or required documents.
Legacy (0.5 cutoff),T063,Clean paraphrase,CAP,answer,i need financial help,Plus 1 provides emergency financial help if you are having temporary difficulty paying your utility bills. Customers can also contribute to the fund through their monthly utility bill.,False,"Response only mentions Plus 1 and omits other key financial help options like CAP discounts, Medically Vulnerable services, and Weatherization."
Legacy (0.5 cutoff),T064,Spanish,CAP,answer,ayuda para pagar la electricidad,"Sorry, I don't have an answer for that. Please call Customer Care at 512-494-9400.",False,Response does not mention CAP bill discounts or Plus 1 program as required.
Legacy (0.5 cutoff),T065,Clean paraphrase,CAP,answer,what programs exist if i can't afford my bill,"Sorry, I don't have an answer for that. Please call Customer Care at 512-494-9400.",False,Response fails to mention CAP discounts and Plus 1 emergency fund as programs for bill assistance.
Legacy (0.5 cutoff),T066,Ambiguous,Weatherization,clarify,my house is always hot,"Sorry, I don't have an answer for that. Please call Customer Care at 512-494-9400.",False,The response fails to clarify the customer's intent and instead directs to Customer Care without asking relevant questions.
Legacy (0.5 cutoff),T067,Clean paraphrase,Weatherization,answer,can someone help make my home more energy efficient,"Home Energy Savings is a whole house approach to energy efficiency. A participating contractor does a no cost in home assessment and recommends improvements. Rebates average $3,000, and improvements typically lower summer energy bills by an average of 20%.",True,"Response correctly describes Home Energy Savings rebates and the assessment process, matching key facts."
Legacy (0.5 cutoff),T068,Typos / slang,Weatherization,answer,do i qualfy for free home repairs,"Free improvements may include attic insulation, duct repair and sealing, sealing cracks and gaps, sealing around doors, solar screens, carbon monoxide and smoke detectors, LED lighting, air conditioner inspection and cleaning, and a smart thermostat.",False,Response does not address eligibility criteria for free home repairs.
Legacy (0.5 cutoff),T069,Clean paraphrase,Weatherization,answer,how do i sign up for weatherization,"Sorry, I don't have an answer for that. Please call Customer Care at 512-494-9400.",False,Response does not provide the required key fact about completing and submitting the Weatherization Assistance Program Form.
Legacy (0.5 cutoff),T070,Spanish,Weatherization,answer,aislamiento gratis para mi casa,"Sorry, I don't have an answer for that. Please call Customer Care at 512-494-9400.",False,Response does not provide information about free attic insulation or Weatherization Assistance.
Legacy (0.5 cutoff),T071,Clean paraphrase,Rebates,answer,what rebates are available right now,"Austin Energy offers a $4,000 rebate for eligible home solar projects. Take the Solar Rebate Quiz to begin your rebate application. After your system is running, you also get bill credits for all the power it produces.",False,"Response mentions only one rebate program and amount, missing the required second program and amounts."
Legacy (0.5 cutoff),T072,Ambiguous,Rebates,clarify,rebate for my unit,"Sorry, I don't have an answer for that. Please call Customer Care at 512-494-9400.",False,"The response does not ask which unit the customer means, failing to clarify."
Legacy (0.5 cutoff),T073,Clean paraphrase,Rebates,answer,what incentives can homeowners get,"Sorry, I don't have an answer for that. Please call Customer Care at 512-494-9400.",False,The response does not provide any information about residential rebates as required.
Legacy (0.5 cutoff),T074,Typos / slang,Rebates,answer,any rebaets for my hous,"Home Energy Savings is a whole house approach to energy efficiency. A participating contractor does a no cost in home assessment and recommends improvements. Rebates average $3,000, and improvements typically lower summer energy bills by an average of 20%.",True,Response lists residential rebates with amounts and relevant details.
Legacy (0.5 cutoff),T075,Clean paraphrase,Rebates,answer,is there a rebate for a heat pump water heater,"Yes. Austin Energy offers a $1,000 rebate to install an ENERGY STAR certified hybrid electric (heat pump) water heater.",True,"Response correctly states the $1,000 rebate for ENERGY STAR certified heat pump water heaters."
Legacy (0.5 cutoff),T076,Spanish,Rebates,answer,hay reembolso por un aire acondicionado nuevo,"Sorry, I don't have an answer for that. Please call Customer Care at 512-494-9400.",False,Response does not provide rebate information as required.
Legacy (0.5 cutoff),T077,Clean paraphrase,Rebates,answer,can i get money back for replacing my hvac,"Sorry, I don't have an answer for that. Please call Customer Care at 512-494-9400.",False,Response does not provide key facts about the rebate or answer the question.
Legacy (0.5 cutoff),T078,Ambiguous,Rebates,clarify,my ac is old,"Sorry, I don't have an answer for that. Please call Customer Care at 512-494-9400.",False,The response does not ask a clarifying question or provide a helpful answer related to the old AC; it only directs to call Customer Care.
Legacy (0.5 cutoff),T079,Clean paraphrase,Rebates,answer,rebate for attic insulation,"Sorry, I don't have an answer for that. Please call Customer Care at 512-494-9400.",False,Response does not provide key facts about attic insulation rebate and incorrectly declines to answer.
Legacy (0.5 cutoff),T080,Typos / slang,Rebates,answer,insulashun rebate??,"Austin Energy offers a rebate averaging $800 when a participating contractor installs a qualifying air conditioner or heat pump. Amounts range from $600 to $800 for central AC and $650 to $950 for heat pumps, depending on efficiency.",False,"Response talks about AC and heat pump rebates, not attic insulation rebate."
Legacy (0.5 cutoff),T081,Clean paraphrase,GreenChoice,answer,can my house run on wind and solar,"Electricity generated by wind and solar is not directed to a specific home or business. Renewable generation will continue to be obtained through the utility’s usual energy portfolio. However,  Austin Energy ensures enough wind and solar energy is purchased to match 100% of subscriber usage. While renewable energy enters the electric system daily, renewable generation is allocated to match subscriber consumption on a quarterly basis. GreenChoice® is the longest-running voluntary renewable energy program in Texas and is Green-e Energy® certified. It meets the environmental and consumer-protection standards set by the Center of Resource Solutions.",False,"Response does not mention the $7.50 more per month cost at 1,000 kWh as required."
Legacy (0.5 cutoff),T082,Spanish,GreenChoice,answer,cómo me inscribo en energía renovable,"Renewable energy is generated from natural resources like sunlight, wind and heat from the earth. These sources are naturally replenished. Texas produces the most wind power in the nation.* Learn more about Austin Energy's commitment to the environment.",False,The response does not provide information on how to sign up for GreenChoice or the contact details.
Legacy (0.5 cutoff),T083,Clean paraphrase,GreenChoice,answer,how much extra does green power cost,"Sorry, I don't have an answer for that. Please call Customer Care at 512-494-9400.",False,The response does not provide the cost of green power as required.
Legacy (0.5 cutoff),T084,Ambiguous,GreenChoice,clarify,i want clean energy,"Sorry, I don't have an answer for that. Please call Customer Care at 512-494-9400.",False,The response does not ask a clarifying question or address the likely meanings of clean energy.
Legacy (0.5 cutoff),T085,Clean paraphrase,GreenChoice,answer,is there a penalty if i stop greenchoice,"No. Residential GreenChoice has no contract, no expiration date, no subscriber fee, and no penalty to unsubscribe. It adds $0.0075 per kilowatt hour to your bill.",True,Response correctly states there is no penalty and no contract for unsubscribing from GreenChoice.
Legacy (0.5 cutoff),T086,Typos / slang,Home Solar,answer,do yall buy back solr power,"Sorry, I don't have an answer for that. Please call Customer Care at 512-494-9400.",False,The response does not provide the key fact about the solar bill credit value as required.
Legacy (0.5 cutoff),T087,Clean paraphrase,Home Solar,answer,how much is the rebate for putting panels on my roof,"Sorry, I don't have an answer for that. Please call Customer Care at 512-494-9400.",False,The response does not provide the rebate amount as required.
Legacy (0.5 cutoff),T088,Spanish,Home Solar,answer,cuánto me pagan por la energía solar que produzco,"Sorry, I don't have an answer for that. Please call Customer Care at 512-494-9400.",False,The response does not provide the key fact about the Value of Solar credit and fails to answer the question.
Legacy (0.5 cutoff),T089,Clean paraphrase,Home Solar,answer,what happens to solar credits i dont use,"Excess solar credits will roll over to the next month’s electricity bill’s charges. These credits do not expire, though they have no cash value and will end if the account closes.",True,Response correctly explains that unused solar credits roll over to the next month and applies to electric charges only.
Legacy (0.5 cutoff),T090,Ambiguous,Home Solar,clarify,solar,"Austin Energy is a not-for-profit community-owned utility. The Value of Solar helps make sure solar works fairly for everyone. Keeps costs fair for all customers Prevents shifting costs to customers without solar Supports a reliable electric grid over time Encourages steady, responsible growth of solar energy",False,The response does not ask a clarifying question or address the specific aspects of solar mentioned in the key facts.
Legacy (0.5 cutoff),T091,Clean paraphrase,EV Programs,answer,is there a rebate for a home ev charger,"Austin Energy covers 50% of the cost, up to $500, for a Power Partner EV compatible Level 2 home charging station. You must enroll in Power Partner EV to receive the rebate.",True,Response correctly states the rebate amount and enrollment requirement without contradictions.
Legacy (0.5 cutoff),T092,Typos / slang,EV Programs,answer,ev chargr rebate how much,"Austin Energy covers 50% of the cost, up to $500, for a Power Partner EV compatible Level 2 home charging station. You must enroll in Power Partner EV to receive the rebate.",True,Response correctly states the rebate amount and conditions without contradiction.
Legacy (0.5 cutoff),T093,Clean paraphrase,EV Programs,answer,whats the cheapest time to charge my car,"Charge between 10 p.m. and 6 a.m., when wind power peaks on the Texas grid. Avoid charging between 4 p.m. and 7 p.m., when there is typically less capacity on the grid.",True,Response correctly states the cheapest charging times and when to avoid charging.
Legacy (0.5 cutoff),T094,Spanish,EV Programs,answer,dónde puedo cargar mi carro eléctrico en austin,"Sorry, I don't have an answer for that. Please call Customer Care at 512-494-9400.",False,Response does not provide information about the Plug-In EVerywhere network or public Level 2 ports as required.
Legacy (0.5 cutoff),T095,Clean paraphrase,EV Programs,answer,what is power partner ev,"Sorry, I don't have an answer for that. Please call Customer Care at 512-494-9400.",False,The response does not provide the required key facts about Power Partner EV.
Legacy (0.5 cutoff),T096,Transactional,Start/Stop/Transfer Service,route,im moving out and need to shut off my electricity,"Sorry, I don't have an answer for that. Please call Customer Care at 512-494-9400.",True,Response correctly routes the customer to call 512-494-9400 for shutting off electricity.
Legacy (0.5 cutoff),T097,Transactional,Start/Stop/Transfer Service,route,start electric service at my new apartment,"Sorry, I don't have an answer for that. Please call Customer Care at 512-494-9400.",True,Response correctly routes the customer to the provided contact number.
Legacy (0.5 cutoff),T098,Transactional,Start/Stop/Transfer Service,route,transfer my utilities to my new address next week,"Sorry, I don't have an answer for that. Please call Customer Care at 512-494-9400.",True,Response correctly routes the customer to call the provided number for utility transfer.
Legacy (0.5 cutoff),T099,Transactional,Start/Stop/Transfer Service,route,stop service at my old place,"Sorry, I don't have an answer for that. Please call Customer Care at 512-494-9400.",True,Response correctly routes the customer to call 512-494-9400 for stopping service.
Legacy (0.5 cutoff),T100,Transactional,Start/Stop/Transfer Service,route,i need to put the power in my name,"Sorry, I don't have an answer for that. Please call Customer Care at 512-494-9400.",True,Response correctly routes the customer to the Customer Care number for starting service.
Legacy (0.5 cutoff),T101,Ambiguous,Start/Stop/Transfer Service,clarify,im moving,"Sorry, I don't have an answer for that. Please call Customer Care at 512-494-9400.",False,"The response does not ask a clarifying question about starting, stopping, or transferring service."
Legacy (0.5 cutoff),T102,Clean paraphrase,Start/Stop/Transfer Service,answer,how do i transfer utilities,"Call Customer Care at 512-494-9400, register with Online Customer Care to request new service or changes, or visit a walk in Utility Customer Service Center.",True,Response includes all key facts and correctly explains how to transfer utilities.
Legacy (0.5 cutoff),T103,Typos / slang,Start/Stop/Transfer Service,answer,movin houses need lights on at new place,"Sorry, I don't have an answer for that. Please call Customer Care at 512-494-9400.",False,"Response does not provide the key facts about starting or transferring service, only a generic referral."
Legacy (0.5 cutoff),T104,Clean paraphrase,Start/Stop/Transfer Service,answer,do i have to pay a deposit to start service,It costs $20 to start electric or water service and $15 to start solid waste service. A $200 security deposit is required to begin residential service.,False,The response incorrectly states a $20 start cost and omits that the $200 deposit can be waived.
Legacy (0.5 cutoff),T105,Spanish,Start/Stop/Transfer Service,answer,transferir mi servicio,"Call Customer Care at 512-494-9400, register with Online Customer Care to request new service or changes, or visit a walk in Utility Customer Service Center.",True,Response includes all key facts and correctly addresses the transfer service request.
Legacy (0.5 cutoff),T106,Clean paraphrase,Scam Awareness,answer,someone called saying theyll cut my power in an hour unless i pay,"Sorry, I don't have an answer for that. Please call Customer Care at 512-494-9400.",False,Response does not warn about the scam or advise to hang up and call 3-1-1 as required.
Legacy (0.5 cutoff),T107,Ambiguous,Scam Awareness,clarify,i got a weird call about my account,"Sorry, I don't have an answer for that. Please call Customer Care at 512-494-9400.",False,The response does not ask a clarifying question or address the suspicious call as required.
Legacy (0.5 cutoff),T108,Clean paraphrase,Scam Awareness,answer,they want me to pay my bill with a gift card is that real,"Quick Payment accepts ATM and debit cards, electronic checks, Visa, MasterCard, Discover, American Express, PayPal, Venmo, Google Pay, and Apple Pay.",False,The response does not address the scam warning about gift card payments or advise to hang up and report.
Legacy (0.5 cutoff),T109,Clean paraphrase,Scam Awareness,answer,a guy at my door says hes from austin energy selling solar panels,Austin Energy's renewable energy comes from wind and solar farms across Texas. Wind Generators Jumbo Road — 300 MW Whirlwind — 60 MW Hackberry — 165 MW Karankawa — 206 MW Whitetail — 92 MW Gulf — 170 MW Los Vientos 2 — 200 MW Los Vientos 3 — 200 MW Los Vientos 4 — 200 MW Raymond — 200 MW Solar Generators Webberville 12. Roserock – 157 MW East Pecos (Bootleg) – 118 MW Upton County – 157 MW Waymark – 178 MW East Blacklands – 144 MW Aragon – 180 MW,False,The response does not address that Austin Energy does not sell solar door to door or instruct to say not interested and report to 3-1-1.
Legacy (0.5 cutoff),T110,Clean paraphrase,Scam Awareness,answer,how do i know if a rebate offer is legit,"Austin Energy offers a rebate averaging $800 when a participating contractor installs a qualifying air conditioner or heat pump. Amounts range from $600 to $800 for central AC and $650 to $950 for heat pumps, depending on efficiency.",False,Response does not address how to verify if a rebate offer is legit or mention reporting suspicious offers.
Legacy (0.5 cutoff),T111,Ambiguous,Tree Trimming,clarify,tree branches are touching power lines,"Even though Austin Energy trims trees around electrical infrastructure to maintain safety and reliability, homeowners should maintain their trees to help prevent hazards to power lines and their home. Simple maintenance can keep trees from falling onto power lines or your house. You can trim trees that are outside the 10 feet safety zone of a power line. Keep the branches clipped back to keep them from reaching the power lines themselves. Proper trimming also decreases the chances of fallen limbs during storms. If the tree limb is within 10 feet of power lines, please do not trim it yourself. Instead, submit a Tree Trimming Request Form. Remove dead branches since they can fly onto power lines with strong winds. Plant the right tree in the right place. See the Removing and Planting Trees FAQs for more information. Notification Process",False,"The response does not ask if lines are down or sparking, which is required for clarification."
Legacy (0.5 cutoff),T112,Clean paraphrase,Tree Trimming,answer,can i request tree trimming,"If you have trees on your property that are within 10 feet of power lines, please do not attempt to trim these limbs on your own. Instead, submit a Tree Trimming Request Form. An inspector will evaluate your request within 2-4 weeks from the date of request. If the tree is not on your property, please report the incident to 3-1-1. If there are sparks and/or a limb pulling the line from a pole or the house, please call 512-322-9100 to report the utility emergency.",True,Response correctly instructs to submit a Tree Trimming Request Form and states the inspector evaluation timeframe of 2-4 weeks.
Legacy (0.5 cutoff),T113,Clean paraphrase,Tree Trimming,answer,who trims trees near utility lines,"If you have trees on your property that are within 10 feet of power lines, please do not attempt to trim these limbs on your own. Instead, submit a Tree Trimming Request Form. An inspector will evaluate your request within 2-4 weeks from the date of request. If the tree is not on your property, please report the incident to 3-1-1. If there are sparks and/or a limb pulling the line from a pole or the house, please call 512-322-9100 to report the utility emergency.",False,The response does not explicitly state that Austin Energy Forestry trims trees near power lines.
Legacy (0.5 cutoff),T114,Clean paraphrase,Tree Trimming,answer,dangerous tree near electrical wires,"Even though Austin Energy trims trees around electrical infrastructure to maintain safety and reliability, homeowners should maintain their trees to help prevent hazards to power lines and their home. Simple maintenance can keep trees from falling onto power lines or your house. You can trim trees that are outside the 10 feet safety zone of a power line. Keep the branches clipped back to keep them from reaching the power lines themselves. Proper trimming also decreases the chances of fallen limbs during storms. If the tree limb is within 10 feet of power lines, please do not trim it yourself. Instead, submit a Tree Trimming Request Form. Remove dead branches since they can fly onto power lines with strong winds. Plant the right tree in the right place. See the Removing and Planting Trees FAQs for more information. Notification Process",False,"Response does not mention calling 512-322-9100 if sparking, which is a key fact."
Legacy (0.5 cutoff),T115,Ambiguous,Tree Trimming,clarify,my tree is a problem,"Issues by City Department Vegetation/Tree Issue City Department Trees/Limbs near power lines Austin Energy Trees on street light facilities Austin Energy Trees on creeks Austin Watershed Protection Trees (public) on sidewalks, low-hanging branches over road, right-of-way roads Austin Transportation and Public Works Tree limbs bundled and left on curb for pick-up Austin Resource Recovery Tree limbs on traffic signals, stop signs, alleys Austin Transportation and Public Works Trees in greenbelts and parks Austin Parks and Recreation Tree issues on private property not related to any of the issues listed above Property owner’s responsibility Contact 3-1-1 or use the 311 app by submitting 'Other' to report concerns about trees and vegetation in the public right of way.",True,The response clarifies the issue by asking about the tree's location and provides appropriate contacts based on the situation.
Legacy (0.5 cutoff),T116,Clean paraphrase,Safety,answer,what should i do after a storm outage,"Report outages online or call 512-322-9100, and call 9-1-1 for emergencies. Report downed or low hanging lines to 512-322-9100, stay at least 35 feet away, and never knock icicles off power lines.",True,"Response includes reporting outage, staying 35 feet from downed lines, and safety instructions."
Legacy (0.5 cutoff),T117,Clean paraphrase,Safety,answer,how do i stay safe around damaged power equipment,"Sorry, I don't have an answer for that. Please call Customer Care at 512-494-9400.",False,Response does not provide safety instructions or the correct reporting number.
Legacy (0.5 cutoff),T118,Clean paraphrase,Safety,answer,is a downed line dangerous even if it isn't sparking,"Sorry, I don't have an answer for that. Please call Customer Care at 512-494-9400.",False,The response does not answer the question or provide the required safety information about downed lines.
Legacy (0.5 cutoff),T119,Ambiguous,Safety,clarify,what should i do its freezing,"Sorry, I don't have an answer for that. Please call Customer Care at 512-494-9400.",False,The response does not ask a clarifying question or provide a helpful answer related to freezing conditions.
Legacy (0.5 cutoff),T120,Clean paraphrase,Safety,answer,how long will my fridge food stay good without power,"Sorry, I don't have an answer for that. Please call Customer Care at 512-494-9400.",False,The response does not provide the key facts about food safety without power.
Legacy (0.5 cutoff),T121,Clean paraphrase,Safety,answer,can i run a generator in my garage,"Sorry, I don't have an answer for that. Please call Customer Care at 512-494-9400.",False,The response does not provide the key safety information about not running a generator inside the garage.
Legacy (0.5 cutoff),T122,Clean paraphrase,Safety,answer,can i plug the fridge into a power strip,"Sorry, I don't have an answer for that. Please call Customer Care at 512-494-9400.",False,The response does not provide the key fact that major appliances should be plugged directly into a wall outlet.
Legacy (0.5 cutoff),T123,Ambiguous,Safety,clarify,my outlet sparked,"Sorry, I don't have an answer for that. Please call Customer Care at 512-494-9400.",False,The response does not ask a clarifying question or provide safety advice as required.
Legacy (0.5 cutoff),T124,Clean paraphrase,Safety,answer,its 105 out where can i go to stay cool,"Sorry, I don't have an answer for that. Please call Customer Care at 512-494-9400.",False,Response does not provide the key fact about cooling centers and incorrectly declines to answer.
Legacy (0.5 cutoff),T125,Clean paraphrase,Safety,answer,do i need special plugs near the sink,"Sorry, I don't have an answer for that. Please call Customer Care at 512-494-9400.",False,The response does not provide the required information about GFCI outlets near sinks.
Legacy (0.5 cutoff),T126,Out-of-scope,Out-of-Scope,decline,what is my current balance,"Sorry, I don't have an answer for that. Please call Customer Care at 512-494-9400.",True,Response correctly declines and provides the correct contact number.
Legacy (0.5 cutoff),T127,Out-of-scope,Out-of-Scope,decline,when is my next bill due,"Sorry, I don't have an answer for that. Please call Customer Care at 512-494-9400.",True,The response appropriately declines to answer and directs the customer to call Customer Care.
Legacy (0.5 cutoff),T128,Out-of-scope,Out-of-Scope,decline,change the name on my account to my wife,"Sorry, I don't have an answer for that. Please call Customer Care at 512-494-9400.",True,The response correctly declines and directs to Customer Care with the correct number.
Legacy (0.5 cutoff),T129,Out-of-scope,Out-of-Scope,decline,my water heater is leaking,"Sorry, I don't have an answer for that. Please call Customer Care at 512-494-9400.",False,Response incorrectly directs to Customer Care instead of advising to contact a plumber.
Legacy (0.5 cutoff),T130,Out-of-scope,Out-of-Scope,decline,how do i apply for a pole attachment permit,"Sorry, I don't have an answer for that. Please call Customer Care at 512-494-9400.",True,The response correctly declines and directs the customer to a sensible contact.
Legacy (0.5 cutoff),T131,Out-of-scope,Out-of-Scope,decline,what is the demand charge for my business,"Sorry, I don't have an answer for that. Please call Customer Care at 512-494-9400.",True,The response correctly declines to answer and directs the customer to call Customer Care.
Legacy (0.5 cutoff),T132,Out-of-scope,Out-of-Scope,decline,is the tap water safe to drink,"Sorry, I don't have an answer for that. Please call Customer Care at 512-494-9400.",False,Response gives an incorrect contact number instead of directing to Austin Water or 3-1-1 as required.
Legacy (0.5 cutoff),T133,Out-of-scope,Out-of-Scope,decline,when is bulk item pickup,"Sorry, I don't have an answer for that. Please call Customer Care at 512-494-9400.",False,Response does not point to 3-1-1 as required for decline.
Legacy (0.5 cutoff),T134,Out-of-scope,Out-of-Scope,decline,can you recommend a good electrician,"Sorry, I don't have an answer for that. Please call Customer Care at 512-494-9400.",True,Correctly declines to recommend private businesses and directs to Customer Care.
Legacy (0.5 cutoff),T135,Out-of-scope,Out-of-Scope,decline,whats the weather tomorrow,"Sorry, I don't have an answer for that. Please call Customer Care at 512-494-9400.",True,The response correctly declines to answer and directs the customer to a sensible contact.
Legacy (0.5 cutoff),T136,Out-of-scope,Out-of-Scope,decline,should i switch to reliant energy,"Sorry, I don't have an answer for that. Please call Customer Care at 512-494-9400.",True,The response declines to advise on other providers and directs the customer to Customer Care.
Legacy (0.5 cutoff),T137,Out-of-scope,Out-of-Scope,decline,how do i become an austin energy contractor,"Sorry, I don't have an answer for that. Please call Customer Care at 512-494-9400.",True,The response correctly declines to answer and directs the customer to a sensible contact.
Legacy (0.5 cutoff),T138,Out-of-scope,Out-of-Scope,decline,who won the city council election,"Sorry, I don't have an answer for that. Please call Customer Care at 512-494-9400.",True,The response correctly declines to answer and directs the customer to a sensible contact.
Legacy (0.5 cutoff),T139,Out-of-scope,Out-of-Scope,decline,my neighbors dog wont stop barking,"Sorry, I don't have an answer for that. Please call Customer Care at 512-494-9400.",False,Response gives incorrect contact number instead of directing to 3-1-1 as required.
Legacy (0.5 cutoff),T140,Out-of-scope,Out-of-Scope,decline,tell me a joke,"Sorry, I don't have an answer for that. Please call Customer Care at 512-494-9400.",True,The response declines to answer the joke request and offers a contact for Austin Energy questions.
Legacy (0.5 cutoff),T141,Out-of-scope,Out-of-Scope,decline,what are commercial electric rates,"Sorry, I don't have an answer for that. Please call Customer Care at 512-494-9400.",True,The response correctly declines to answer and provides a sensible contact number.
Legacy (0.5 cutoff),T142,Out-of-scope,Out-of-Scope,decline,are you hiring right now,"Sorry, I don't have an answer for that. Please call Customer Care at 512-494-9400.",True,Response correctly declines to answer and directs to a sensible contact.
Legacy (0.5 cutoff),T143,Out-of-scope,Out-of-Scope,decline,how do i apply for a city job,"Sorry, I don't have an answer for that. Please call Customer Care at 512-494-9400.",False,Response does not point to City of Austin jobs site as required for decline.
Legacy (0.5 cutoff),T144,Out-of-scope,Out-of-Scope,decline,when is trash pickup in my area,"Sorry, I don't have an answer for that. Please call Customer Care at 512-494-9400.",False,Response does not direct to 3-1-1 as required for decline behavior.
Legacy (0.5 cutoff),T145,Out-of-scope,Out-of-Scope,decline,how do i report a pothole,"Sorry, I don't have an answer for that. Please call Customer Care at 512-494-9400.",False,Response gives an incorrect contact number instead of directing to 3-1-1 as required.
Legacy (0.5 cutoff),T146,Out-of-scope,Out-of-Scope,decline,what are water restrictions today,"Sorry, I don't have an answer for that. Please call Customer Care at 512-494-9400.",False,Response gives an incorrect contact number instead of directing to Austin Water or 3-1-1 as required.
Legacy (0.5 cutoff),T147,Out-of-scope,Out-of-Scope,decline,i need a building permit,"Sorry, I don't have an answer for that. Please call Customer Care at 512-494-9400.",False,Response directs to Customer Care instead of Development Services or 3-1-1 as required.
Legacy (0.5 cutoff),T148,Out-of-scope,Out-of-Scope,decline,who do i call about road construction,"Sorry, I don't have an answer for that. Please call Customer Care at 512-494-9400.",False,Response gives incorrect contact instead of directing to 3-1-1 as required.
Legacy (0.5 cutoff),T149,Out-of-scope,Out-of-Scope,decline,register me to vote,"Sorry, I don't have an answer for that. Please call Customer Care at 512-494-9400.",True,The response correctly declines to answer and directs the customer to a sensible contact.
Legacy (0.5 cutoff),T150,Out-of-scope,Out-of-Scope,decline,what time does city hall close,"Sorry, I don't have an answer for that. Please call Customer Care at 512-494-9400.",False,"Response should direct to 3-1-1, not a different number."
GenAI agent,T001,Transactional,Report Outage,route,lights are out at my house how do i tell you,"You can report an outage online on the Outage Map, by texting OUT to 287846, or by calling 512-322-9100. Check your breakers first if it is safe to do so.",True,Response correctly provides all reporting options and suggests checking breakers safely.
GenAI agent,T002,Transactional,Report Outage,route,need to report a blackout,"You can report an outage online on the Outage Map, by texting OUT to 287846, or by calling 512-322-9100. Check your breakers first if it is safe to do so.",True,Response provides all correct reporting options and appropriate safety advice.
GenAI agent,T003,Transactional,Report Outage,route,our whole block lost power,"You can report an outage online on the Outage Map, by texting OUT to 287846, or by calling 512-322-9100. Check your breakers first if it is safe to do so.",True,Response correctly provides all outage reporting options and suggests checking breakers safely.
GenAI agent,T004,Transactional,Report Outage,route,can you send someone my power went out,"You can report an outage online on the Outage Map, by texting OUT to 287846, or by calling 512-322-9100. Check your breakers first if it is safe to do so.",True,Response provides all correct reporting options and appropriate safety advice.
GenAI agent,T005,Transactional,Report Outage,route,electricity is out where do i report it,"You can report an outage online on the Outage Map, by texting OUT to 287846, or by calling 512-322-9100. Check your breakers first if it is safe to do so.",True,Response provides all correct reporting options and appropriate safety advice.
GenAI agent,T006,Clean paraphrase,Report Outage,answer,what's the fastest way to let austin energy know my power is off,"You can report an outage online on the Outage Map, by texting OUT to 287846, or by calling 512-322-9100. Check your breakers first if it is safe to do so.",True,Response includes all key facts and relevant safety advice without contradiction.
GenAI agent,T007,Ambiguous,Report Outage,clarify,nothing is working,"Can you please specify what is not working? Is it your power, a device, or something else?",True,The response asks a relevant clarifying question about what is not working.
GenAI agent,T008,Clean paraphrase,Report Outage,answer,who do i contact when the lights go out,"Call 512-322-9100 to report a power outage or downed power lines. You can also text OUT to 287846 to report an outage. If you have a medical emergency, call 9-1-1 immediately.",True,Response correctly provides the outage reporting number and additional contact method without contradictions.
GenAI agent,T009,Typos / slang,Report Outage,answer,pwr out cant get lights bak on,"You can report an outage online on the Outage Map, by texting OUT to 287846, or by calling 512-322-9100. Check your breakers first if it is safe to do so.",True,Response includes all key facts and no contradictions.
GenAI agent,T010,Clean paraphrase,Report Outage,answer,my neighborhood has no electricity,"You can report an outage online on the Outage Map, by texting OUT to 287846, or by calling 512-322-9100. Check your breakers first if it is safe to do so.",True,Response includes all key facts and gives appropriate advice.
GenAI agent,T011,Transactional,Check Outage Status,route,check outage status,Check the Austin Energy Outage Map for the status of your outage and the estimated restoration time. Estimates can change once crews see the damage. You can also call 512-322-9100.,True,Response correctly directs to the Outage Map and provides the outage status phone number.
GenAI agent,T012,Transactional,Check Outage Status,route,is there a way to see when power will be back,Check the Austin Energy Outage Map for the status of your outage and the estimated restoration time. Estimates can change once crews see the damage. You can also call 512-322-9100.,True,Response correctly routes to the Outage Map and provides the phone number for updates.
GenAI agent,T013,Transactional,Check Outage Status,route,show me outage map,Check the Austin Energy Outage Map for the status of your outage and the estimated restoration time. Estimates can change once crews see the damage. You can also call 512-322-9100.,True,Response correctly routes the customer to the outage map and provides a contact number.
GenAI agent,T014,Spanish,Check Outage Status,answer,quiero saber cuándo regresa la luz,Consulta el Mapa de Cortes de Austin Energy para conocer el estado de tu corte y el tiempo estimado de restauración. Las estimaciones pueden cambiar una vez que los equipos vean el daño. También puedes llamar al 512-322-9100.,True,Response includes key facts about the Outage Map and estimated restoration time changes.
GenAI agent,T015,Clean paraphrase,Check Outage Status,answer,how long until service is restored,Check the Austin Energy Outage Map for the status of your outage and the estimated restoration time. Estimates can change once crews see the damage. You can also call 512-322-9100.,True,"Response correctly explains restoration time depends on damage, refers to the Outage Map for estimates, and notes estimates may change."
GenAI agent,T016,Ambiguous,Outage Alerts,clarify,can i get updates,Check the Austin Energy Outage Map for the status of your outage and the estimated restoration time. Estimates can change once crews see the damage. You can also call 512-322-9100.,False,"The response does not ask what kind of updates the customer wants, failing to clarify the request."
GenAI agent,T017,Clean paraphrase,Outage Alerts,answer,how do i sign up for outage texts,"To sign up for outage text alerts, text REG to 287846 and follow the prompts to enter your ZIP code and accept the Terms and Conditions. You can also register by visiting your Power Outage Alert Preferences center and adding your phone number. If you have more than five accounts, call 512-494-9400 for assistance.",True,Response correctly explains how to sign up for outage texts including texting REG to 287846 and signing up online.
GenAI agent,T018,Typos / slang,Outage Alerts,answer,how i get txts when power out,"To get text alerts when your power is out, text REG to 287846 to sign up for Outage Alerts. You can then report outages by texting OUT to 287846 and receive status updates by texting STAT. For help, text HELP or call 512-322-9100.",True,Response correctly instructs to text REG to 287846 to get text alerts for power outages.
GenAI agent,T019,Clean paraphrase,Outage Alerts,answer,send outage notifications to my phone,"To receive outage notifications on your phone, text REG to 287846 to sign up for Outage Alerts. You will be prompted to enter your ZIP code and accept the Terms and Conditions. Once registered, you can report outages by texting OUT to 287846 and receive status updates by texting STAT.",True,Response correctly explains how to sign up for outage notifications by texting REG to 287846 and provides additional helpful information.
GenAI agent,T020,Spanish,Outage Alerts,answer,cómo recibo alertas de apagones,"Para recibir alertas de apagones, envíe un mensaje de texto con la palabra REG al 287846 para registrarse. Luego, siga las indicaciones para ingresar su código postal y aceptar los términos y condiciones. También puede agregar varios contactos y elegir recibir alertas en inglés o español.",True,Response correctly explains how to receive outage alerts by texting REG to 287846 and includes additional helpful details.
GenAI agent,T021,Clean paraphrase,Downed Power Lines,safety,there's a power line hanging in my yard,"Stay at least 35 feet away from any downed or damaged power line and treat it as live. Call 512-322-9100 to report it right away, and call 9-1-1 if anyone is hurt or there is fire or smoke.",True,"Response correctly advises to stay away, provides the correct reporting number, and instructs to call 9-1-1 if life is at risk."
GenAI agent,T022,Ambiguous,Downed Power Lines,safety,something fell near the pole,"Stay at least 35 feet away from any downed or damaged power line and treat it as live. Call 512-322-9100 to report it right away, and call 9-1-1 if anyone is hurt or there is fire or smoke.",True,Response correctly advises to stay 35 feet away and provides the reporting number and 9-1-1 for emergencies.
GenAI agent,T023,Clean paraphrase,Downed Power Lines,safety,a wire is on the ground outside,"Stay at least 35 feet away from any downed or damaged power line and treat it as live. Call 512-322-9100 to report it right away, and call 9-1-1 if anyone is hurt or there is fire or smoke.",True,Response correctly advises to stay 35 feet away and provides the reporting number and 9-1-1 for emergencies.
GenAI agent,T024,Typos / slang,Downed Power Lines,safety,power line dwn by road,"Stay at least 35 feet away from any downed or damaged power line and treat it as live. Call 512-322-9100 to report it right away, and call 9-1-1 if anyone is hurt or there is fire or smoke.",True,Response correctly advises to stay 35 feet away and provides the reporting number and 9-1-1 for emergencies.
GenAI agent,T025,Clean paraphrase,Downed Power Lines,safety,i think a utility line snapped during the storm,"Stay at least 35 feet away from any downed or damaged power line and treat it as live. Call 512-322-9100 to report it right away, and call 9-1-1 if anyone is hurt or there is fire or smoke.",True,Response correctly advises to stay away and provides the reporting number and 9-1-1 instructions.
GenAI agent,T026,Spanish,Understand My Bill,answer,por qué mi factura es tan alta,"Para entender por qué su factura es tan alta, puede revisar si hay un consumo inusual o errores en el medidor, ya que Austin Energy es responsable del medidor pero usted es responsable del cableado y equipo en su hogar. También puede considerar si califica para descuentos en la factura de servicios públicos a través del Programa de Asistencia al Cliente (CAP) si tiene ingresos bajos o participa en ciertos programas de asistencia. Para más ayuda, llame a Atención al Cliente al 512-494-9400.",False,Response does not mention tiered rates or checking usage in COA Utilities account as key facts require.
GenAI agent,T027,Clean paraphrase,Understand My Bill,answer,what is the power supply adjustment charge,"The Power Supply Adjustment is a dollar-for-dollar recovery that includes the cost of fuel for Austin Energy's power plants, the cost of electricity purchased from the grid, and any net charges experienced as Austin Energy sells power to the grid. It is adjusted annually to reflect current fuel prices, projected power purchases, and any over/under recovery of those expenses, with possible small adjustments throughout the year as conditions require.",True,"Response correctly explains the charge, its components, and annual adjustment without contradictions."
GenAI agent,T028,Ambiguous,Understand My Bill,clarify,my bill looks wrong,"To dispute a bill, request an administrative review within 90 days by calling Customer Care at 512-494-9400 or visiting a Utility Customer Service Center. Would you like me to connect you with a representative?",False,The response does not ask what looks wrong with the bill as required for clarification.
GenAI agent,T029,Clean paraphrase,Understand My Bill,answer,explain these charges on my bill,I can't see account details. Log in to your account at coautilities.com or call Customer Care at 512-494-9400.,False,Response does not explain the charges as requested.
GenAI agent,T030,Typos / slang,Understand My Bill,answer,y bill way higher this month,"Your utility bill may be higher due to various charges or usage changes. To understand the details and check if you qualify for utility bill discounts that can reduce your bill, please call Customer Care at 512-494-9400. You can also review your bill for specific line items or visit the City of Austin Utilities Online Customer Care to see detailed charges.",False,Response does not mention tiered rates or checking usage by day or month in COA Utilities account.
GenAI agent,T031,Clean paraphrase,Understand My Bill,answer,what am i paying for besides electricity,"Besides electricity, your Austin Energy bill includes charges for Customer Charge, Power Supply Adjustment, Community Benefit Charges (which cover Customer Assistance Program, Service Area Lighting, and Energy Efficiency Programs), and Regulatory Charge. These cover fixed costs, fuel and power purchases, city services like street lighting, energy efficiency programs, and transmission system costs. Together, these components make up your total monthly electric bill.",True,Response includes all key charges and their purposes without contradiction.
GenAI agent,T032,Spanish,Understand My Bill,answer,no entiendo los cargos en mi factura,No puedo ver los detalles de la cuenta. Inicie sesión en su cuenta en coautilities.com o llame a Atención al Cliente al 512-494-9400.,False,Response does not explain the bill components as required.
GenAI agent,T033,Clean paraphrase,Understand My Bill,answer,where can i see a breakdown of my bill,"You can see a breakdown of your bill by logging into your COA Utilities account, where you will find details such as usage by day, month, and year, comparisons to last year and similar homes, and a breakdown by cooling & heating, appliances, electronics, and other uses.",True,Response correctly explains where to see the bill breakdown and includes all key facts.
GenAI agent,T034,Ambiguous,Understand My Bill,clarify,why am i being charged so much,"Your Austin Energy bill includes several charges: a fixed Customer Charge of $17.35 per month, plus energy charges that increase with your usage in tiers from 4.872¢ to 11.428¢ per kWh, and additional charges like the Power Supply Adjustment (3.912¢ per kWh), Community Benefit Charges, and a Regulatory Charge (1.799¢ per kWh). Higher usage, especially above 2,000 kWh, results in higher rates per kWh, which can increase your bill significantly. Conserving electricity or making energy efficiency improvements can help lower your bill.",False,"The response explains charges but does not ask whether the high bill is due to usage, rates, or a billing error as required for clarification."
GenAI agent,T035,Clean paraphrase,Understand My Bill,answer,what is the monthly customer charge,The monthly customer charge for Austin Energy residential customers inside the City of Austin is $17.35.,True,The response correctly states the monthly customer charge as $17.35.
GenAI agent,T036,Typos / slang,Payment Options,answer,how i pay bill online,"You can pay your utility bill online through the City of Austin Utilities Online Customer Care or use the Quick Payment option online for immediate payment posting. Quick Payment accepts various methods including credit cards, debit cards, electronic checks, PayPal, Venmo, Google Pay, and Apple Pay. Visit the City of Austin Utilities website to log in or use Quick Payment without logging in.",False,Response does not mention the $3.90 fee for Quick Payment.
GenAI agent,T037,Clean paraphrase,Payment Options,answer,what ways can i pay my utility bill,"You can pay your utility bill online through City of Austin Utilities Online Customer Care, in person at Utility Customer Service Centers or authorized pay stations, or by mail with a personal check, cashier’s check, or money order. Quick Payments can also be made online or by phone at 1-833-375-4919, though a convenience fee applies. Additionally, drop boxes are available for checks and money orders, but not cash.",True,Response includes all key payment methods and details without contradiction.
GenAI agent,T038,Spanish,Payment Options,answer,puedo pagar mi factura por internet,"Sí, puede pagar su factura en línea a través del portal City of Austin Utilities Online Customer Care.",True,The response correctly confirms online payment is possible and provides the relevant portal.
GenAI agent,T039,Clean paraphrase,Payment Options,answer,can i pay over the phone,"Yes, you can pay your Austin Energy utility bill over the phone by calling toll-free 1-833-375-4919. Note that there is a convenience fee of $3.90 for residential accounts when making a quick payment by phone. For assistance with financial hardship, call City of Austin Utilities Customer Care at 512-494-9400.",True,Response correctly provides the phone number for payment and relevant details without contradiction.
GenAI agent,T040,Ambiguous,Payment Options,clarify,i need to make a payment,I can't see account details. Log in to your account at coautilities.com or call Customer Care at 512-494-9400.,False,"The response does not ask whether the customer wants to pay now or needs more time, failing to clarify the payment intent."
GenAI agent,T041,Clean paraphrase,Payment Arrangement,answer,can i split my bill into payments,"Yes, you can set up a payment arrangement to pay off a past-due balance in monthly installments while continuing to pay your current charges by the bill's due date. To set up a payment arrangement, call Customer Care at 512-494-9400 or log in to COA Utilities online to request one. There is no limit to the number of payment arrangements as long as previous ones are fulfilled.",True,Response correctly explains payment arrangements and provides the correct contact number.
GenAI agent,T042,Typos / slang,Payment Arrangement,answer,cant pay whole bill rn,"If you can't pay your whole bill right now, you can set up a payment arrangement to spread out the past-due amount over time. Call City of Austin Utilities Customer Care at 512-494-9400 or log in to COA Utilities to request a payment arrangement online. Make sure to pay your current charges plus the monthly installment by the due date to keep your account in good standing.",True,Response includes key facts about payment arrangements and the correct phone number without contradictions.
GenAI agent,T043,Clean paraphrase,Payment Arrangement,answer,do you offer payment plans,"Yes, Austin Energy offers payment arrangements that allow residential customers to pay off past-due bill balances in monthly installments while keeping current charges paid by the due date. You can set up a payment arrangement by calling Customer Care at 512-494-9400 or requesting one online through COA Utilities. There is no limit to the number of payment arrangements as long as previous ones are fulfilled.",True,Response contains all key facts and no contradictions.
GenAI agent,T044,Spanish,Payment Arrangement,answer,necesito más tiempo para pagar mi factura,No puedo ver los detalles de la cuenta. Inicie sesión en su cuenta en coautilities.com o llame a Atención al Cliente al 512-494-9400.,False,Response does not mention payment extension or arrangement options.
GenAI agent,T045,Clean paraphrase,Payment Arrangement,answer,can i request a payment plan online,"Yes, you can request a 12-month payment arrangement online by logging in to COA Utilities. For other payment terms and options, you may contact Customer Care by phone or email to see if you qualify.",True,Response correctly states that a 12-month payment plan can be requested online via COA Utilities and provides additional helpful information.
GenAI agent,T046,Ambiguous,Collections,clarify,i got a letter in the mail,Can you please specify what the letter was about or what assistance you need?,True,The response asks a relevant clarifying question about the letter.
GenAI agent,T047,Clean paraphrase,Collections,answer + offer human,will they cut off my power if im a week late paying,"If you are a week late paying, you will receive mailed notifications that your bill is past due and payment in full is needed to prevent collection activities, including possible disconnection. The City delivers service disconnection notice letters at least 10 business days before issuing a disconnect order, so you likely have some time before disconnection. To avoid disconnection, call Customer Care at 512-494-9400 to discuss payment options or arrangements. If you'd like, I can connect you with a Customer Care representative at 512-494-9400.",True,Response contains all key facts and offers human assistance as required.
GenAI agent,T048,Typos / slang,Collections,answer + offer human,got disconnect notice wat now,"To start, stop, or transfer service, call Customer Care at 512-494-9400, use Online Customer Care at coautilities.com, or visit a walk in Utility Customer Service Center. Starting service has a $20 fee and a $200 deposit, which can be waived in some cases.",False,Response does not address disconnect notice or mention payment arrangements or assistance options.
GenAI agent,T049,Clean paraphrase,Collections,answer + offer human,how do i keep my electricity from being shut off,"If you are having trouble paying your bill, contact City of Austin Utilities Customer Care at 512-494-9400 to discuss payment arrangements or financial assistance options. To avoid disconnection, make payments on time and respond to any service disconnection notice letters, which are delivered at least 10 business days before disconnection. If your service is disconnected, you must pay the full past due balance plus a $25 reconnection fee to have it restored. If you'd like, I can connect you with a Customer Care representative at 512-494-9400.",True,"Response includes payment options, contact number, and offers to connect to a human."
GenAI agent,T050,Spanish,Collections,answer + offer human,recibí un aviso de desconexión,"Para iniciar, detener o transferir el servicio, llame a Atención al Cliente al 512-494-9400, use Atención al Cliente en línea en coautilities.com, o visite un Centro de Servicio al Cliente de Servicios Públicos sin cita previa. Iniciar el servicio tiene una tarifa de $20 y un depósito de $200, que en algunos casos puede ser eximido.",False,The response does not mention calling before the due date on the notice or address the disconnection notice specifically.
GenAI agent,T051,Transactional,Bill Dispute,route,i think i was billed incorrectly,"To dispute a bill, request an administrative review within 90 days by calling Customer Care at 512-494-9400 or visiting a Utility Customer Service Center. Would you like me to connect you with a representative?",True,Response correctly routes the customer to request an administrative review within 90 days by calling the provided number.
GenAI agent,T052,Transactional,Bill Dispute,route,how do i dispute a charge,"To dispute a bill, request an administrative review within 90 days by calling Customer Care at 512-494-9400 or visiting a Utility Customer Service Center. Would you like me to connect you with a representative?",True,Response correctly routes to administrative review with correct phone number and time frame.
GenAI agent,T053,Clean paraphrase,Bill Dispute,answer + offer human,someone needs to review my bill,"To dispute a bill, request an administrative review within 90 days by calling Customer Care at 512-494-9400 or visiting a Utility Customer Service Center. Would you like me to connect you with a representative?",True,Response provides correct review process and offers human assistance.
GenAI agent,T054,Ambiguous,Bill Dispute,clarify,this amount doesn't seem right,"To dispute a bill, request an administrative review within 90 days by calling Customer Care at 512-494-9400 or visiting a Utility Customer Service Center. Would you like me to connect you with a representative?",False,"The response does not ask which amount or why, failing to clarify the customer's concern."
GenAI agent,T055,Clean paraphrase,Bill Dispute,answer + offer human,how do i contest my electric bill,"To dispute a bill, request an administrative review within 90 days by calling Customer Care at 512-494-9400 or visiting a Utility Customer Service Center. Would you like me to connect you with a representative?",True,Response correctly explains the administrative review process within 90 days and offers to connect to a representative.
GenAI agent,T056,Typos / slang,CAP,answer,any hlp paying utilty bill,"If you need help paying your utility bill, you can apply for the Customer Assistance Program (CAP) which offers discounts for qualifying residential customers on low or fixed incomes. To learn more or apply, call Customer Care at 512-494-9400 or 855-319-6630 for eligibility questions. Additionally, if you have a past-due balance, you can request a payment arrangement by calling Customer Care at 512-494-9400 to set up a plan to pay your bill in installments.",True,Response includes CAP discounts and the correct phone number for assistance.
GenAI agent,T057,Clean paraphrase,CAP,answer,i'm struggling to pay my electric bill,"If you are struggling to pay your electric bill, call City of Austin Utilities Customer Care at 512-494-9400 to discuss payment arrangement options or financial assistance programs. You may qualify for a payment arrangement to pay your past-due balance in installments or utility bill discounts if facing financial difficulties. Additionally, you can explore the Medically Vulnerable Registry if there is a critical medical need in your household.",True,Response provides the correct contact number and mentions payment arrangements and bill discounts as key assistance options.
GenAI agent,T058,Spanish,CAP,answer,hay programas de ayuda para personas de bajos ingresos,"Sí, Austin Energy ofrece programas de ayuda para personas de bajos ingresos, como el Programa de Asistencia al Cliente (CAP) que proporciona descuentos en las facturas de servicios públicos y el Programa de Asistencia para la Climatización que ofrece mejoras gratuitas en el hogar para reducir costos de energía. Para calificar, generalmente debe estar inscrito en ciertos programas estatales, federales o locales, o cumplir con límites de ingresos específicos. Para más información o para aplicar, puede llamar al 512-494-9400 o al 512-482-5346.",True,Response correctly describes CAP discounts and qualification criteria without contradictions.
GenAI agent,T059,Clean paraphrase,CAP,answer,do low income customers qualify for help,"Yes, low-income customers qualify for help through the City of Austin's Customer Assistance Program (CAP) utility bill discounts if they participate in certain state, federal, or local assistance programs or if their household income is less than 200% of the Federal Poverty Level. You can call 855-319-6630 with questions about eligibility or call Customer Care at 512-494-9400 to speak with a representative. Qualifying programs include Medicaid, SNAP, CHIP, Telephone Lifeline, CEAP, MAP, VASH, and SSI.",True,Response correctly states eligibility criteria and provides relevant contact information.
GenAI agent,T060,Ambiguous,CAP,clarify,can i get a discount,"You may qualify for the City of Austin's Customer Assistance Program (CAP) utility bill discounts if you or someone in your household participates in programs like Medicaid, SNAP, CHIP, Lifeline, CEAP, MAP, VASH, or SSI, or if your household income is less than 200% of the Federal Poverty Level. The discounts can reduce your utility bills by about $1,092 a year. For more information or to apply, call Customer Care at 512-494-9400 or 855-319-6630.",True,The response clarifies the type of discount available and provides relevant details and contact information.
GenAI agent,T061,Clean paraphrase,CAP,answer,what documents do i need for assistance,"To qualify for utility bill discounts, you must submit one of the following documents: Medicaid Notice of Case Action Letter, SNAP Notice of Case Action Letter, CHIP Confirmation Enrollment Letter, Telephone Lifeline Program Enrollment Letter or phone bill, Travis County CEAP Notice of Payment Letter, Medical Access Program Clinic Card, VASH award letter, or Supplemental Security Income Award Letter. For Weatherization Assistance, you need to complete the Weatherization Assistance Form and, if renting, the Landlord Permission Form. For more details or questions, call 512-482-5346 for Weatherization or 855-319-6630 for utility bill discount eligibility.",False,"Response includes many documents not listed in key facts and omits the instruction to call 2-1-1 for copies, thus not matching key facts exactly."
GenAI agent,T062,Typos / slang,CAP,answer,how do i aply 4 bill discount,"To apply for the utility bill discount, you can begin your application online in English or Spanish through the City of Austin's Customer Assistance Program (CAP). You may also call Customer Care at 512-494-9400 or 855-319-6630 for questions about eligibility. Additionally, you can apply for qualifying programs like Medicaid, SNAP, or CEAP by calling 2-1-1 or the specific program numbers listed on the City of Austin website.",True,Response correctly explains how to apply online in English or Spanish and mentions program enrollment documents.
GenAI agent,T063,Clean paraphrase,CAP,answer,i need financial help,"You can apply for financial help through the City of Austin's Customer Assistance Program (CAP), which offers utility bill discounts and emergency financial support via the Plus 1 fund. To learn more or get assistance, please contact City of Austin Utilities Customer Care at 512-494-9400. Additionally, you may consider the Weatherization Assistance program for free home energy improvements if you qualify.",True,"Response includes CAP discounts, Plus 1, and Weatherization as financial help options."
GenAI agent,T064,Spanish,CAP,answer,ayuda para pagar la electricidad,"You may qualify for utility bill discounts through the City of Austin's Customer Assistance Program (CAP) if you have a low or fixed income or participate in certain assistance programs. To learn more and apply, call 855-319-6630 or Customer Care at 512-494-9400 for help. You can also find information about payment options and assistance programs on the City of Austin Utilities website.",False,The response includes an incorrect phone number (855-319-6630) not listed in the key facts.
GenAI agent,T065,Clean paraphrase,CAP,answer,what programs exist if i can't afford my bill,"The City of Austin offers several programs to help residential customers who face financial difficulties, including the Customer Assistance Program (CAP) Utility Bill Discounts, Financial Support Plus 1 for emergency financial help, Services for the Medically Vulnerable, and Weatherization Assistance for home energy improvements. You may qualify for CAP discounts if you or someone in your household participates in certain assistance programs or meets income guidelines. For more information, call Customer Care at 512-494-9400.",True,"Response includes CAP discounts, Plus 1 emergency fund, and the correct contact number without contradictions."
GenAI agent,T066,Ambiguous,Weatherization,clarify,my house is always hot,"I can only help with Austin Energy residential questions, like outages, bills, rebates, and safety.",False,The response does not ask a relevant clarifying question or address the likely intent about cooling or energy savings.
GenAI agent,T067,Clean paraphrase,Weatherization,answer,can someone help make my home more energy efficient,"Yes, Austin Energy offers a no-cost, in-home energy assessment through participating contractors who will recommend improvements and help with rebate and loan applications. These contractors can perform upgrades like sealing ducts, adding insulation, installing smart thermostats, and more to improve your home's energy efficiency. To get started, contact an Austin Energy participating contractor for an assessment and assistance.",True,"Response correctly describes free energy assessment and assistance with rebates, matching key facts."
GenAI agent,T068,Typos / slang,Weatherization,answer,do i qualfy for free home repairs,"To qualify for free home energy improvements through the Weatherization Assistance program, you must be an Austin Energy customer enrolled in the Customer Assistance Program or the Medically Vulnerable Registry and meet the 80% Median Family Income requirements. Your home must be a single-family, duplex, triplex, fourplex, or mobile home, be more than 10 years old, 2,500 square feet or smaller, and not have received Weatherization or Home Energy Savings improvements in the last 10 years. You need to complete and submit the Weatherization Assistance Program Form and, if renting, also the Landlord Permission Form. For questions, call 512-482-5346.",True,Response includes all key facts about eligibility and application process without contradictions.
GenAI agent,T069,Clean paraphrase,Weatherization,answer,how do i sign up for weatherization,"To sign up for Weatherization Assistance, complete and submit the Weatherization Assistance Program Form. If you rent, also complete the Landlord Permission Form. You can mail the completed forms to Austin Energy at 4815 Mueller Blvd, Austin, TX 78723-3573, or call 512-482-5346 for questions.",True,Response includes all key facts and provides additional helpful information without contradiction.
GenAI agent,T070,Spanish,Weatherization,answer,aislamiento gratis para mi casa,"Para obtener aislamiento gratis para su casa, debe ser cliente de Austin Energy y cumplir con los requisitos de ingresos y elegibilidad del Programa de Asistencia para el Aislamiento (Weatherization Assistance). Debe completar y enviar el formulario del programa y, si renta, también el formulario de permiso del arrendador. Para preguntas, llame al 512-482-5346 o envíe un correo a Weatherization.",True,Response correctly explains free attic insulation eligibility and application process with contact info.
GenAI agent,T071,Clean paraphrase,Rebates,answer,what rebates are available right now,"Austin Energy offers several residential rebates including an average $800 rebate for installing a new energy-efficient air conditioning system, $1,000 for ENERGY STAR certified heat pump water heaters, and $4,000 for completing a solar education course and installing a qualifying solar system. Other rebates include $300 for ENERGY STAR certified variable-speed pool pumps, $50 for smart thermostats, and $300 for energy-efficient solar screens. Additionally, there are rebates for whole-home energy improvements averaging $3,000, and a $50 rebate for ENERGY STAR certified window air conditioners.",True,"Response includes multiple rebate programs with amounts, matching key facts."
GenAI agent,T072,Ambiguous,Rebates,clarify,rebate for my unit,"You can earn a rebate averaging $800 to install a new, energy-efficient air conditioning system through Austin Energy's Residential Rebates program. To qualify, your old unit must be 10 years or older, and your participating contractor will apply for the rebate on your behalf. For detailed requirements and rebate amounts, contact an Austin Energy participating contractor or visit their website.",False,"The response answers about AC unit rebates without asking which unit the customer means, failing to clarify."
GenAI agent,T073,Clean paraphrase,Rebates,answer,what incentives can homeowners get,"Homeowners can get various incentives including a $4,000 rebate for installing qualifying solar systems, $50 rebates for ENERGY STAR® certified window air conditioners and smart thermostats, and rebates averaging $800 for new energy-efficient air conditioning systems. They can also earn rebates averaging $3,000 for whole-home energy improvements, $1,000 for ENERGY STAR® certified heat pump water heaters, and $300 for ENERGY STAR® certified variable-speed pool pumps. Additionally, Austin Energy offers free home energy improvements through Weatherization Assistance for eligible homeowners.",True,"Response lists multiple residential rebates including solar, AC, and water heater incentives as required."
GenAI agent,T074,Typos / slang,Rebates,answer,any rebaets for my hous,"Austin Energy offers several residential rebates including $800 for energy-efficient air conditioning systems, $1,000 for ENERGY STAR® certified heat pump water heaters, and $4,000 for installing qualifying solar systems after completing a solar education course. There are also rebates for solar screens, smart thermostats, pool pumps, and whole-home energy improvements. Check if your home qualifies for a no-cost in-home energy efficiency assessment or talk to your landlord if you rent.",True,Response lists multiple residential rebates with correct amounts and additional relevant information.
GenAI agent,T075,Clean paraphrase,Rebates,answer,is there a rebate for a heat pump water heater,"Yes, Austin Energy offers a $1,000 rebate to install an ENERGY STAR® certified Hybrid Electric Water Heater, also known as a High-Efficiency Heat Pump Water Heater.",True,"Response correctly states the $1,000 rebate for ENERGY STAR certified heat pump water heaters."
GenAI agent,T076,Spanish,Rebates,answer,hay reembolso por un aire acondicionado nuevo,"Sí, Austin Energy ofrece un reembolso que promedia $800 cuando un contratista participante instala un sistema de aire acondicionado eficiente en energía en tu hogar. Además, puedes obtener reembolsos adicionales si participas en el programa Home Energy Savings. Debes usar un contratista participante para calificar y ellos aplicarán por el reembolso en tu nombre.",True,Response correctly states the rebate amount and the requirement to use a participating contractor.
GenAI agent,T077,Clean paraphrase,Rebates,answer,can i get money back for replacing my hvac,"Yes, you can get rebates for replacing your HVAC system through Austin Energy's Home Energy Savings program. You must use a participating contractor who will help with the rebate application, and the new system must meet specific efficiency and sizing requirements. Rebates vary, for example, $600 to $800 for central AC systems and $650 to $950 for heat pumps, depending on efficiency tiers.",True,"Response correctly states rebate availability, requirement to use a participating contractor, and rebate amounts around $800."
GenAI agent,T078,Ambiguous,Rebates,clarify,my ac is old,"If your air conditioner is 10 years old or older, you may qualify for a rebate averaging $800 when a participating contractor installs a new, energy-efficient system in your home. You must use an Austin Energy participating contractor who will apply for the rebate on your behalf. Make sure your new system meets the efficiency guidelines and all components are replaced to qualify.",False,"The response provides information about rebates but does not ask whether the customer wants a replacement rebate, a tune-up, or efficiency help as required for clarification."
GenAI agent,T079,Clean paraphrase,Rebates,answer,rebate for attic insulation,"Austin Energy offers a rebate for attic insulation to R38, calculated by multiplying the square footage of the attic by $0.03 per sq ft times the R-value added, plus a $45 setup fee. To qualify, you must use an Austin Energy participating contractor who will conduct an energy assessment and help with the rebate application. The contractor will also ensure all program requirements are met for the rebate.",True,Response correctly states attic insulation rebate is under Home Energy Savings and requires a participating contractor.
GenAI agent,T080,Typos / slang,Rebates,answer,insulashun rebate??,"Austin Energy offers a Weatherization Assistance program that provides free home energy improvements to eligible renters and homeowners, which may include insulation upgrades. You can apply for this assistance in minutes through their program. For more details, visit the Residential Rebates page on Austin Energy's website.",False,Response does not mention attic insulation rebate or participating contractor as required.
GenAI agent,T081,Clean paraphrase,GreenChoice,answer,can my house run on wind and solar,"Austin Energy supports home solar installation with rebates and bill credits, but solar panels alone won't keep your lights on during a power outage. To keep your home powered during outages, consider adding a battery backup to your solar system. For wind power specifically, the sources do not provide information, so please contact Austin Energy for more details.",False,"Response does not address GreenChoice or the cost of about $7.50 more per month at 1,000 kWh as required."
GenAI agent,T082,Spanish,GreenChoice,answer,cómo me inscribo en energía renovable,"Para inscribirte en energía renovable, puedes suscribirte al programa GreenChoice de Austin Energy, que te permite aprovechar la energía eólica y solar de Texas a un precio conveniente. No hay contrato, ni fecha de expiración, ni penalización para cancelar la suscripción. Para más detalles y para inscribirte, visita la página de GreenChoice o contacta a Austin Energy.",False,The response does not mention signing up with the online form or calling 512-494-9400 as required.
GenAI agent,T083,Clean paraphrase,GreenChoice,answer,how much extra does green power cost,"Green power through GreenChoice costs about $7.50 more per month for a typical residential customer using 1,000 kWh. This is an additional charge of $0.0075 per kilowatt-hour with no contract or penalty to unsubscribe. The charge is reviewed regularly to ensure cost savings benefit all customers.",True,"Response correctly states the cost per kWh and the approximate monthly cost, matching key facts."
GenAI agent,T084,Ambiguous,GreenChoice,clarify,i want clean energy,"You can choose Austin Energy's GreenChoice program to get 100% Texas wind and solar energy for your home or business. To sign up, complete the online form or call Customer Care at 512-494-9400. This program supports clean energy projects across Texas and helps reduce air pollution and conserve water.",False,Response answers about GreenChoice without clarifying if customer means subscribing or installing solar.
GenAI agent,T085,Clean paraphrase,GreenChoice,answer,is there a penalty if i stop greenchoice,"There is no penalty for unsubscribing from GreenChoice. Austin Energy requires two billing cycles to process a cancellation, and customers can resubscribe during the next calendar year. Subscriptions are not transferable from customer to customer.",True,"Response correctly states no penalty and two billing cycles to cancel, matching key facts."
GenAI agent,T086,Typos / slang,Home Solar,answer,do yall buy back solr power,"Yes, Austin Energy pays you for all power produced by your home solar system once it is up and running. They offer a $4,000 rebate for eligible home solar projects and pay for the solar power generated. You can learn more about this in the Home Solar guide on their website.",False,Response does not mention the exact solar bill credit rate of 12.89 cents per kWh as required.
GenAI agent,T087,Clean paraphrase,Home Solar,answer,how much is the rebate for putting panels on my roof,"Austin Energy offers a $4,000 rebate for eligible home solar projects when you install solar panels on your roof. To qualify, you must use an Austin Energy Participating Contractor and apply for the rebate before installation. After installation and inspection, the rebate check is mailed, typically within 7–10 business days.",True,"Response correctly states the $4,000 rebate amount and relevant details without contradiction."
GenAI agent,T088,Spanish,Home Solar,answer,cuánto me pagan por la energía solar que produzco,"Austin Energy credits solar customers 12.89¢ per kilowatt-hour (kWh) for the energy your solar system produces. This credit appears as a Value of Solar bill credit on your monthly electric bill and applies only to your electric charges. If you produce more credits than you use, they roll over to the next month.",True,Response correctly states the Value of Solar credit as 12.89 cents per kWh and explains how it appears on the bill.
GenAI agent,T089,Clean paraphrase,Home Solar,answer,what happens to solar credits i dont use,"Excess solar credits will roll over to the next month’s electricity bill’s charges. These credits do not expire, though they have no cash value and will end if the account closes.",True,Response correctly explains that unused solar credits roll over to the next month and applies to electric charges only.
GenAI agent,T090,Ambiguous,Home Solar,clarify,solar,"Austin Energy offers a $4,000 rebate for eligible home solar projects and pays you for all power produced at a rate of 12.89¢ per kWh through Value of Solar bill credits. To qualify, your roof should have at least 5–6 hours of direct sunlight daily, enough space for 200-400 square feet of panels, and be in good condition with at least 10 years of life left. You can start by taking the Solar Rebate Quiz and consider energy-efficiency upgrades before installation.",False,The response provides information about solar rebates and bill credits but does not ask a clarifying question to determine which solar topic the customer means.
GenAI agent,T091,Clean paraphrase,EV Programs,answer,is there a rebate for a home ev charger,"Yes, Austin Energy offers a rebate that covers 50% of the cost, up to $500, for a qualified PowerPartner℠ EV Level 2 home charging station. To be eligible, you must be an Austin Energy electricity customer, have purchased or leased a plug-in electric vehicle, and enroll in the Power Partner℠ EV program. You can apply online and must have your Austin Energy account number, charging station details, and vehicle VIN ready.",True,"Response includes the rebate amount, eligibility, and enrollment requirement accurately."
GenAI agent,T092,Typos / slang,EV Programs,answer,ev chargr rebate how much,"Austin Energy offers a rebate that covers 50% of the cost, up to $500, for a qualified PowerPartner℠ EV Level 2 home charging station.",True,Response correctly states the rebate amount and percentage.
GenAI agent,T093,Clean paraphrase,EV Programs,answer,whats the cheapest time to charge my car,The cheapest time to charge your electric vehicle is between 10 p.m. and 6 a.m. when renewable wind power peaks and there is more capacity in the Texas grid. It is best to avoid charging between 4 p.m. to 7 p.m. when there is typically less capacity in the grid. Charging during off-peak hours helps manage energy use and can be more cost-effective.,True,Response correctly states the cheapest charging times and advises avoiding peak hours as per key facts.
GenAI agent,T094,Spanish,EV Programs,answer,dónde puedo cargar mi carro eléctrico en austin,"Puedes cargar tu carro eléctrico en cualquiera de los más de 1,400 puertos de carga de Nivel 2 en la red Austin Energy Plug-In EVerywhere℠ distribuidos por toda el área de servicio de Austin. También hay cargadores rápidos DC ubicados cerca de rutas principales para una carga rápida. No se requiere suscripción y las tarifas son accesibles para todos.",True,"Response correctly mentions the Plug-In EVerywhere network and the 1,400+ public Level 2 ports."
GenAI agent,T095,Clean paraphrase,EV Programs,answer,what is power partner ev,"Austin Energy's Power Partner EV program helps manage energy use during peak times by remotely adjusting your Level 2 EV charger or qualifying vehicle to slow or delay charging. Participants receive a $50 bill credit for enrolling and an additional $25 credit after one year in the program. Events typically occur June 1 - September 30, last up to 4 hours between 2-10 p.m., and participants can opt out of events without penalty.",True,Response includes all key facts about the program and contains no contradictions.
GenAI agent,T096,Transactional,Start/Stop/Transfer Service,route,im moving out and need to shut off my electricity,"To start, stop, or transfer service, call Customer Care at 512-494-9400, use Online Customer Care at coautilities.com, or visit a walk in Utility Customer Service Center. Starting service has a $20 fee and a $200 deposit, which can be waived in some cases.",True,Response correctly provides the contact methods to shut off electricity as per key facts.
GenAI agent,T097,Transactional,Start/Stop/Transfer Service,route,start electric service at my new apartment,"To start, stop, or transfer service, call Customer Care at 512-494-9400, use Online Customer Care at coautilities.com, or visit a walk in Utility Customer Service Center. Starting service has a $20 fee and a $200 deposit, which can be waived in some cases.",True,Response provides correct contact methods and mentions the start fee and deposit details.
GenAI agent,T098,Transactional,Start/Stop/Transfer Service,route,transfer my utilities to my new address next week,"To start, stop, or transfer service, call Customer Care at 512-494-9400, use Online Customer Care at coautilities.com, or visit a walk in Utility Customer Service Center. Starting service has a $20 fee and a $200 deposit, which can be waived in some cases.",True,Response correctly provides the contact methods for transferring utilities.
GenAI agent,T099,Transactional,Start/Stop/Transfer Service,route,stop service at my old place,"To start, stop, or transfer service, call Customer Care at 512-494-9400, use Online Customer Care at coautilities.com, or visit a walk in Utility Customer Service Center. Starting service has a $20 fee and a $200 deposit, which can be waived in some cases.",True,Response correctly provides the contact methods to stop service as per key facts.
GenAI agent,T100,Transactional,Start/Stop/Transfer Service,route,i need to put the power in my name,"To start, stop, or transfer service, call Customer Care at 512-494-9400, use Online Customer Care at coautilities.com, or visit a walk in Utility Customer Service Center. Starting service has a $20 fee and a $200 deposit, which can be waived in some cases.",True,Response correctly routes to start service and provides relevant contact info and deposit details.
GenAI agent,T101,Ambiguous,Start/Stop/Transfer Service,clarify,im moving,"To start, stop, or transfer service, call Customer Care at 512-494-9400, use Online Customer Care at coautilities.com, or visit a walk in Utility Customer Service Center. Starting service has a $20 fee and a $200 deposit, which can be waived in some cases.",False,"The response provides information but does not ask whether the customer needs to start, stop, or transfer service as required for clarification."
GenAI agent,T102,Clean paraphrase,Start/Stop/Transfer Service,answer,how do i transfer utilities,"To start, stop, or transfer service, call Customer Care at 512-494-9400, use Online Customer Care at coautilities.com, or visit a walk in Utility Customer Service Center. Starting service has a $20 fee and a $200 deposit, which can be waived in some cases.",True,Response includes all key facts and relevant additional information without contradiction.
GenAI agent,T103,Typos / slang,Start/Stop/Transfer Service,answer,movin houses need lights on at new place,"To start, stop, or transfer service, call Customer Care at 512-494-9400, use Online Customer Care at coautilities.com, or visit a walk in Utility Customer Service Center. Starting service has a $20 fee and a $200 deposit, which can be waived in some cases.",True,Response provides correct contact methods and relevant details for starting or transferring service.
GenAI agent,T104,Clean paraphrase,Start/Stop/Transfer Service,answer,do i have to pay a deposit to start service,"Yes, a $200 security deposit is required to begin residential utility service with the City of Austin. However, you may be eligible to have the deposit waived if you meet certain conditions such as having a good payment history with the City, providing a letter of reference from another utility or landlord, enrolling in Autopay and eBill, being 65 or older, a service member returning from deployment, a victim of domestic abuse, displaced tenant, or medically indigent. The initial fee to start electric or water service is $20.",True,Response correctly states the $200 deposit requirement and conditions for waiver.
GenAI agent,T105,Spanish,Start/Stop/Transfer Service,answer,transferir mi servicio,"Para iniciar, detener o transferir el servicio, llame a Atención al Cliente al 512-494-9400, use Atención al Cliente en línea en coautilities.com, o visite un Centro de Servicio al Cliente de Servicios Públicos. Iniciar el servicio tiene una tarifa de $20 y un depósito de $200, que puede ser eximido en algunos casos.",True,The response provides the correct contact methods for transferring service and additional relevant information without contradiction.
GenAI agent,T106,Clean paraphrase,Scam Awareness,answer,someone called saying theyll cut my power in an hour unless i pay,Hang up immediately and do not make any payment. Report the call by dialing 3-1-1 or 512-974-2000 to check your account status and alert authorities about the scam. Austin Energy will never call residential customers with immediate cut-off deadlines or demand payment via gift cards or cryptocurrency.,False,The response gives an incorrect phone number (512-974-2000 instead of 512-494-9400) for checking account status.
GenAI agent,T107,Ambiguous,Scam Awareness,clarify,i got a weird call about my account,I can't see account details. Log in to your account at coautilities.com or call Customer Care at 512-494-9400.,False,The response does not ask what the caller wanted or address the suspicious call as required for clarification.
GenAI agent,T108,Clean paraphrase,Scam Awareness,answer,they want me to pay my bill with a gift card is that real,"No, Austin Energy will never demand immediate payment with gift cards or any non-traceable form of payment. If someone asks you to pay your bill with a gift card, it is a scam. Hang up and report the call by dialing 3-1-1 or call 512-494-9400 to check your account status.",True,"Response correctly identifies the gift card payment request as a scam and instructs to hang up and report to 3-1-1, matching key facts."
GenAI agent,T109,Clean paraphrase,Scam Awareness,answer,a guy at my door says hes from austin energy selling solar panels,"Do not let the person pressure you or make a decision at your doorstep. Austin Energy staff and Participating Contractors do not show up without prior communication and will always carry identification and wear Austin Energy-branded clothing. If you receive an unexpected visit, call Austin Energy at 512-482-5346 to verify and report suspicious activity to the Austin Police Department and Texas Attorney General's Office.",False,The response does not state that Austin Energy does not sell solar door to door or instruct to say not interested and report to 3-1-1 as required.
GenAI agent,T110,Clean paraphrase,Scam Awareness,answer,how do i know if a rebate offer is legit,"To verify a legitimate Austin Energy rebate offer, check that the website URL is https://austinenergy.com and confirm any contractor is listed as a Participating Contractor with Austin Energy. Be cautious of high-pressure sales tactics, requests for personal information before verification, and unmarked vehicles or contractors without ID badges. If you receive unexpected calls or visits, call Austin Energy at 512-482-5346 or email conservation@austinenergy.com to verify before sharing any information or scheduling appointments.",True,Response correctly advises verifying on the official Austin Energy website and reporting suspicious offers with contact details.
GenAI agent,T111,Ambiguous,Tree Trimming,clarify,tree branches are touching power lines,"Stay at least 35 feet away from any downed or damaged power line and treat it as live. Call 512-322-9100 to report it right away, and call 9-1-1 if anyone is hurt or there is fire or smoke.",False,Response addresses downed lines and safety but does not clarify if lines are down or sparking as required.
GenAI agent,T112,Clean paraphrase,Tree Trimming,answer,can i request tree trimming,"Yes, you can request tree trimming if you have trees on your property within 10 feet of power lines by submitting a Tree Trimming Request Form. An inspector will evaluate your request within 2-4 weeks from the date of request. Please do not attempt to trim limbs within 10 feet of power lines yourself.",True,Response correctly explains how to request tree trimming and includes the evaluation timeframe and safety advice.
GenAI agent,T113,Clean paraphrase,Tree Trimming,answer,who trims trees near utility lines,"Austin Energy trims trees near power lines to maintain safety and reliability. They have a Forestry Division that manages tree trimming and vegetation near electrical infrastructure, and they notify property owners before scheduled trimming. If trees are within 10 feet of power lines on your property, you should submit a Tree Trimming Request Form rather than trimming yourself.",True,Response correctly states Austin Energy Forestry trims trees near power lines and advises not to trim within 10 feet yourself.
GenAI agent,T114,Clean paraphrase,Tree Trimming,answer,dangerous tree near electrical wires,"Stay at least 35 feet away from any downed or damaged power line and treat it as live. Call 512-322-9100 to report it right away, and call 9-1-1 if anyone is hurt or there is fire or smoke.",False,"Response addresses downed power lines, not tree trimming near wires as required."
GenAI agent,T115,Ambiguous,Tree Trimming,clarify,my tree is a problem,"If your tree is causing a problem near power lines, you can submit a request for a ""make-ready"" trim or call Austin Energy's Forestry Division at 512-322-6771 for safe trimming or removal. Property owners are responsible for trimming trees and vegetation that obstruct sidewalks, streets, or alleys. Austin Energy works to ensure streetlights are not blocked by trees and will coordinate with property owners if needed.",True,The response clarifies by distinguishing tree issues near power lines and provides relevant contact information.
GenAI agent,T116,Clean paraphrase,Safety,answer,what should i do after a storm outage,"After a storm outage, first check your breakers to see if the outage is caused by a blown fuse or tripped circuit. If you still have no power or cannot check breakers, report the outage online or call 512-322-9100. Stay safe by avoiding downed power lines, keeping flashlights handy, and turning off major appliances to prevent overload when power is restored.",True,"Response includes reporting outage, staying away from downed lines, and safety advice consistent with key facts."
GenAI agent,T117,Clean paraphrase,Safety,answer,how do i stay safe around damaged power equipment,"Stay at least 35 feet away from any downed or damaged power line and treat it as live. Call 512-322-9100 to report it right away, and call 9-1-1 if anyone is hurt or there is fire or smoke.",True,"Response includes staying 35 feet away and calling 512-322-9100, plus appropriate safety advice."
GenAI agent,T118,Clean paraphrase,Safety,answer,is a downed line dangerous even if it isn't sparking,"Stay at least 35 feet away from any downed or damaged power line and treat it as live. Call 512-322-9100 to report it right away, and call 9-1-1 if anyone is hurt or there is fire or smoke.",True,"Response correctly states the danger, safe distance, and reporting number without contradiction."
GenAI agent,T119,Ambiguous,Safety,clarify,what should i do its freezing,"During freezing weather, keep heat sources like space heaters at least 3 feet away from anything flammable and never leave them unattended. Avoid overloading outlets and do not use electric blankets that are more than ten years old or plug them into power strips. If you experience a power outage or see downed power lines, call 512-322-9100 and stay at least 35 feet away from any downed lines.",False,The response provides cold weather safety tips but does not ask if the customer's power is out or clarify their situation as required.
GenAI agent,T120,Clean paraphrase,Safety,answer,how long will my fridge food stay good without power,"I can only help with Austin Energy residential questions, like outages, bills, rebates, and safety.",False,Response does not answer the question about food safety without power.
GenAI agent,T121,Clean paraphrase,Safety,answer,can i run a generator in my garage,"No, you should never run a portable generator inside your home, place of business, or garage as it can be dangerous. Always follow manufacturer instructions and ensure proper installation with a double-throw transfer switch. For more safety details, refer to Austin Energy's guidelines on portable generator use.",True,Response correctly states not to run a generator inside the garage and provides safety advice without contradiction.
GenAI agent,T122,Clean paraphrase,Safety,answer,can i plug the fridge into a power strip,"No, major appliances such as refrigerators should always be plugged directly into a wall outlet and never use an extension cord or power strip with them.",True,Response correctly states that major appliances like refrigerators should be plugged directly into a wall outlet and not a power strip.
GenAI agent,T123,Ambiguous,Safety,clarify,my outlet sparked,"Stay at least 35 feet away from any downed or damaged power line and treat it as live. Call 512-322-9100 to report it right away, and call 9-1-1 if anyone is hurt or there is fire or smoke.",False,"Response addresses downed power lines, not the outlet sparking issue or clarifying about fire or smoke."
GenAI agent,T124,Clean paraphrase,Safety,answer,its 105 out where can i go to stay cool,"During times of extreme heat, City of Austin Library and Parks & Recreation facilities serve as cooling centers during normal operating hours. Check the https://www.austintexas.gov/alerts webpage for more information. Also, protect yourself by staying hydrated, using sunscreen, and limiting outdoor activity.",True,Response correctly identifies City of Austin libraries and recreation centers as cooling centers and provides additional helpful advice.
GenAI agent,T125,Clean paraphrase,Safety,answer,do i need special plugs near the sink,"Yes, for areas that may encounter water such as bathrooms and kitchens, including near the sink, you should use GFCI (ground-fault circuit interrupter) outlets. These special outlets are installed by a qualified electrician and will trip immediately if a short-circuit is detected, enhancing safety.",True,Response correctly explains the need for GFCI outlets near sinks and mentions installation by a qualified electrician.
GenAI agent,T126,Out-of-scope,Out-of-Scope,decline,what is my current balance,I can't see account details. Log in to your account at coautilities.com or call Customer Care at 512-494-9400.,True,The response correctly declines to provide account details and directs the customer to log in or call the provided number.
GenAI agent,T127,Out-of-scope,Out-of-Scope,decline,when is my next bill due,I can't see account details. Log in to your account at coautilities.com or call Customer Care at 512-494-9400.,True,Correctly declines to provide bill due date and directs customer to check their account.
GenAI agent,T128,Out-of-scope,Out-of-Scope,decline,change the name on my account to my wife,"To start, stop, or transfer service, call Customer Care at 512-494-9400, use Online Customer Care at coautilities.com, or visit a walk in Utility Customer Service Center. Starting service has a $20 fee and a $200 deposit, which can be waived in some cases.",True,The response correctly declines to change the account name and directs the customer to Customer Care with the correct phone number.
GenAI agent,T129,Out-of-scope,Out-of-Scope,decline,my water heater is leaking,That isn't handled by Austin Energy. Please call 3-1-1 or visit austintexas.gov/311 for other City of Austin services.,True,"Correctly declines and directs to appropriate city services, consistent with key facts."
GenAI agent,T130,Out-of-scope,Out-of-Scope,decline,how do i apply for a pole attachment permit,"I can only help with residential questions. For business accounts, please call Customer Care at 512-494-9400.",True,The response correctly declines and directs the customer to the appropriate contact for business-related inquiries.
GenAI agent,T131,Out-of-scope,Out-of-Scope,decline,what is the demand charge for my business,"I can only help with residential questions. For business accounts, please call Customer Care at 512-494-9400.",True,The response correctly declines to answer and directs the customer to the appropriate contact for business accounts.
GenAI agent,T132,Out-of-scope,Out-of-Scope,decline,is the tap water safe to drink,That isn't handled by Austin Energy. Please call 3-1-1 or visit austintexas.gov/311 for other City of Austin services.,True,Response correctly declines and directs to 3-1-1 as expected.
GenAI agent,T133,Out-of-scope,Out-of-Scope,decline,when is bulk item pickup,That isn't handled by Austin Energy. Please call 3-1-1 or visit austintexas.gov/311 for other City of Austin services.,True,Response correctly declines and directs to 3-1-1 as required.
GenAI agent,T134,Out-of-scope,Out-of-Scope,decline,can you recommend a good electrician,"I can only help with Austin Energy residential questions, like outages, bills, rebates, and safety.",True,Response correctly declines to recommend private electricians and explains the scope of assistance.
GenAI agent,T135,Out-of-scope,Out-of-Scope,decline,whats the weather tomorrow,"I can only help with Austin Energy residential questions, like outages, bills, rebates, and safety.",True,The response correctly declines to answer and points the customer to the scope of Austin Energy services.
GenAI agent,T136,Out-of-scope,Out-of-Scope,decline,should i switch to reliant energy,"I can only help with Austin Energy residential questions, like outages, bills, rebates, and safety.",True,The response correctly declines to advise on other providers and directs to Austin Energy topics.
GenAI agent,T137,Out-of-scope,Out-of-Scope,decline,how do i become an austin energy contractor,"I can only help with residential questions. For business accounts, please call Customer Care at 512-494-9400.",True,The response correctly declines and directs the customer to the appropriate contact for business-related inquiries.
GenAI agent,T138,Out-of-scope,Out-of-Scope,decline,who won the city council election,"I can only help with Austin Energy residential questions, like outages, bills, rebates, and safety.",True,The response correctly declines to answer and directs the customer to relevant topics.
GenAI agent,T139,Out-of-scope,Out-of-Scope,decline,my neighbors dog wont stop barking,That isn't handled by Austin Energy. Please call 3-1-1 or visit austintexas.gov/311 for other City of Austin services.,True,Correctly declines and directs to 3-1-1 as per key facts.
GenAI agent,T140,Out-of-scope,Out-of-Scope,decline,tell me a joke,"I can only help with Austin Energy residential questions, like outages, bills, rebates, and safety.",True,Response correctly declines and offers help with Austin Energy questions.
GenAI agent,T141,Out-of-scope,Out-of-Scope,decline,what are commercial electric rates,"I can only help with residential questions. For business accounts, please call Customer Care at 512-494-9400.",True,Correctly declines and provides a contact for commercial rates.
GenAI agent,T142,Out-of-scope,Out-of-Scope,decline,are you hiring right now,"I can only help with Austin Energy residential questions, like outages, bills, rebates, and safety.",True,Response correctly declines and points to relevant topics without addressing hiring.
GenAI agent,T143,Out-of-scope,Out-of-Scope,decline,how do i apply for a city job,That isn't handled by Austin Energy. Please call 3-1-1 or visit austintexas.gov/311 for other City of Austin services.,False,Response does not direct to City of Austin jobs site as required for decline.
GenAI agent,T144,Out-of-scope,Out-of-Scope,decline,when is trash pickup in my area,That isn't handled by Austin Energy. Please call 3-1-1 or visit austintexas.gov/311 for other City of Austin services.,True,Response correctly declines and directs to 3-1-1 as required.
GenAI agent,T145,Out-of-scope,Out-of-Scope,decline,how do i report a pothole,That isn't handled by Austin Energy. Please call 3-1-1 or visit austintexas.gov/311 for other City of Austin services.,True,Correctly declines and directs to 3-1-1 as expected.
GenAI agent,T146,Out-of-scope,Out-of-Scope,decline,what are water restrictions today,That isn't handled by Austin Energy. Please call 3-1-1 or visit austintexas.gov/311 for other City of Austin services.,True,Correctly declines and directs to 3-1-1 as per key facts.
GenAI agent,T147,Out-of-scope,Out-of-Scope,decline,i need a building permit,That isn't handled by Austin Energy. Please call 3-1-1 or visit austintexas.gov/311 for other City of Austin services.,True,Response correctly declines and directs to 3-1-1 as required.
GenAI agent,T148,Out-of-scope,Out-of-Scope,decline,who do i call about road construction,That isn't handled by Austin Energy. Please call 3-1-1 or visit austintexas.gov/311 for other City of Austin services.,True,Response correctly declines and directs to 3-1-1 as expected.
GenAI agent,T149,Out-of-scope,Out-of-Scope,decline,register me to vote,"I can only help with Austin Energy residential questions, like outages, bills, rebates, and safety.",True,The response correctly declines and points the customer to the scope of Austin Energy services.
GenAI agent,T150,Out-of-scope,Out-of-Scope,decline,what time does city hall close,That isn't handled by Austin Energy. Please call 3-1-1 or visit austintexas.gov/311 for other City of Austin services.,True,Response correctly declines and directs to 3-1-1 as required.
